,,,,,,,,,,,,,,,,,,,,,,,,,,,,Utilized amount,Credit line,,,,,,,,,,,,EUR/NOK,11.230,,,El. volume – last updated:,2026-07-02
,,,,Forecast,,,,,,Limit,,,,,,,Actual,,,,,,,,,,,,,,,,,,,,,,,,Utilized today (kNOK),"208,807",,,El. price – last updated:,2026-09-03
Period,Guarantee type,Beneficiary,Currency,Utilized amount (k),Utilized amount (kNOK),,Period,Guarantee type,Currency,Guarantee line (k),Guarantee line (kNOK),,Period,Guarantee type,Beneficiary,Currency,Utilized amount (k),Utilized amount (kNOK),,,,,,,,Update date,KPI,Level,Benchmark,Currency,Utilization rate,Headroom,,Period,Beneficiary,Currency,Invoice amount (k),,DNB guarantee,Beneficiary,Currency,Amount (kNOK),Amount (kEUR),Expiry date,,
2026-01-01,DNB NOK,Mind Energy,NOK,"29,471","29,471",,2026-01-01,DNB NOK,NOK,"200,000","200,000",,2024-01-01,DNB NOK,Mind Energy,NOK,"16,300","16,300",,,,,,,,2026-05-01,DNB NOK,#N/A,"134,888",NOK,#N/A,#N/A,,2026-01-01,Mind Energy,NOK,"250,535",,DNB NOK,Mind Energy,NOK,"38,000",,,,
2026-02-01,DNB NOK,Mind Energy,NOK,"26,337","26,337",,2026-02-01,DNB NOK,NOK,"197,754","197,754",,2024-02-01,DNB NOK,Mind Energy,NOK,"16,300","16,300",,,,,,,,2026-05-01,DNB EUR,#N/A,#REF!,NOK,#N/A,#REF!,,2026-02-01,Mind Energy,NOK,"559,984",,DNB NOK,Skagerak,NOK,"79,000",,,,
2026-03-01,DNB NOK,Mind Energy,NOK,"24,205","24,205",,2026-03-01,DNB NOK,NOK,"130,374","130,374",,2024-03-01,DNB NOK,Mind Energy,NOK,"16,300","16,300",,,,,,,,2026-05-01,Atradius EUR,#N/A,"1,750",EUR,#N/A,#N/A,,2026-03-01,Mind Energy,NOK,"493,990",,DNB NOK,Nord Pool,NOK,"1,500",,,,
2026-04-01,DNB NOK,Mind Energy,NOK,"16,573","16,573",,2026-04-01,DNB NOK,NOK,"123,658","123,658",,2024-04-01,DNB NOK,Mind Energy,NOK,"16,300","16,300",,,,,,,,2026-05-01,Cash collateral,#N/A,0,EUR,,,,2026-04-01,Mind Energy,NOK,"307,698",,DNB NOK,eSett,NOK,"1,500",,,,
2026-05-01,DNB NOK,Mind Energy,NOK,"10,732","10,732",,2026-05-01,DNB NOK,NOK,"134,888","134,888",,2024-05-01,DNB NOK,Mind Energy,NOK,"16,300","16,300",,,,,,,,,,,,,,,,2026-05-01,Mind Energy,NOK,,,DNB EUR,Nord Pool DE,EUR,"2,246",200,2027-01-14,,
2026-06-01,DNB NOK,Mind Energy,NOK,"8,949","8,949",,2026-06-01,DNB NOK,NOK,"131,969","131,969",,2024-06-01,DNB NOK,Mind Energy,NOK,"16,300","16,300",,,,,,,,,,,,,,,,2026-01-01,Skagerak,NOK,"143,794",,DNB EUR,AXPO,EUR,"56,150","5,000",2027-03-26,,
2026-07-01,DNB NOK,Mind Energy,NOK,"7,207","7,207",,2026-07-01,DNB NOK,NOK,"130,846","130,846",,2024-07-01,DNB NOK,Mind Energy,NOK,"16,300","16,300",,,,,,,,,,,,,,,,2026-02-01,Skagerak,NOK,"290,931",,DNB EUR,BayWa,EUR,"8,423",750,2027-08-13,,
2026-08-01,DNB NOK,Mind Energy,NOK,"8,088","8,088",,2026-08-01,DNB NOK,NOK,"111,193","111,193",,2024-08-01,DNB NOK,Mind Energy,NOK,"16,300","16,300",,,,,,,,,,,,,,,,2026-03-01,Skagerak,NOK,"237,214",,DNB EUR,Amprion,EUR,"6,716",598,2027-04-22,,
2026-09-01,DNB NOK,Mind Energy,NOK,"16,294","16,294",,2026-09-01,DNB NOK,NOK,"83,351","83,351",,2024-09-01,DNB NOK,Mind Energy,NOK,"16,300","16,300",,,,,,,,,,,,,,,,2026-04-01,Skagerak,NOK,"194,322",,DNB EUR,TransnetBW,EUR,"2,920",260,2027-04-29,,
2026-10-01,DNB NOK,Mind Energy,NOK,"28,080","28,080",,2026-10-01,DNB NOK,NOK,"40,792","40,792",,2024-10-01,DNB NOK,Mind Energy,NOK,"25,000","25,000",,,,,,,,,,,,,,,,2026-05-01,Skagerak,NOK,,,DNB EUR,Marex,EUR,"11,230","1,000",2027-06-09,,
2026-11-01,DNB NOK,Mind Energy,NOK,"37,843","37,843",,2026-11-01,DNB NOK,NOK,"-8,745","-8,745",,2024-11-01,DNB NOK,Mind Energy,NOK,"25,000","25,000",,,,,,,,,,,,,,,,2026-01-01,AXPO,EUR,"4,119",,DNB EUR,Libra Energy,EUR,"1,123",100,2027-07-03,,
2026-12-01,DNB NOK,Mind Energy,NOK,"44,587","44,587",,2026-12-01,DNB NOK,NOK,"-50,508","-50,508",,2024-12-01,DNB NOK,Mind Energy,NOK,"25,000","25,000",,,,,,,,,,,,10.789,2026-05-21,,,2026-02-01,AXPO,EUR,"4,797",,,,,,,,,
2027-01-01,DNB NOK,Mind Energy,NOK,"56,420","56,420",,2027-01-01,DNB NOK,NOK,"-64,903","-64,903",,2025-01-01,DNB NOK,Mind Energy,NOK,"25,000","25,000",,,,,,,,,,,,,,,,2026-03-01,AXPO,EUR,"3,368",,,,,,,,,
2027-02-01,DNB NOK,Mind Energy,NOK,"48,596","48,596",,2027-02-01,DNB NOK,NOK,"-25,006","-25,006",,2025-02-01,DNB NOK,Mind Energy,NOK,"21,000","21,000",,,,,,,,,,,,,,,,2026-04-01,AXPO,EUR,"3,017",,,,,,,,,
2027-03-01,DNB NOK,Mind Energy,NOK,"39,759","39,759",,2027-03-01,DNB NOK,NOK,"19,436","19,436",,2025-03-01,DNB NOK,Mind Energy,NOK,"21,000","21,000",,,,,,,,,,,,,,,,2026-05-01,AXPO,EUR,"1,897",,,,,,,,,
2027-04-01,DNB NOK,Mind Energy,NOK,"22,515","22,515",,2027-04-01,DNB NOK,NOK,"58,480","58,480",,2025-04-01,DNB NOK,Mind Energy,NOK,"9,000","9,000",,,,,,,,,,,,,,,,2026-01-01,BayWa,EUR,"1,954",,,,,,,,,
2027-05-01,DNB NOK,Mind Energy,NOK,"10,581","10,581",,2027-05-01,DNB NOK,NOK,"58,057","58,057",,2025-05-01,DNB NOK,Mind Energy,NOK,"9,000","9,000",,,,,,,,,,,,,,,,2026-02-01,BayWa,EUR,"2,402",,,,,,,,,
2027-06-01,DNB NOK,Mind Energy,NOK,"7,077","7,077",,2027-06-01,DNB NOK,NOK,"56,616","56,616",,2025-06-01,DNB NOK,Mind Energy,NOK,"9,000","9,000",,,,,,,,,,,,,,,,2026-03-01,BayWa,EUR,"1,695",,,,,,,,,
2027-07-01,DNB NOK,Mind Energy,NOK,"5,989","5,989",,2027-07-01,DNB NOK,NOK,"52,317","52,317",,2025-07-01,DNB NOK,Mind Energy,NOK,"5,200","5,200",,,,,,,,,,,,,,,,2026-04-01,BayWa,EUR,"1,527",,,,,,,,,
2027-08-01,DNB NOK,Mind Energy,NOK,"8,005","8,005",,2027-08-01,DNB NOK,NOK,"45,997","45,997",,2025-08-01,DNB NOK,Mind Energy,NOK,"5,200","5,200",,,,,,,,,,,,,,,,2026-05-01,BayWa,EUR,966,,,,,,,,,
2027-09-01,DNB NOK,Mind Energy,NOK,"10,759","10,759",,2027-09-01,DNB NOK,NOK,"27,879","27,879",,2025-09-01,DNB NOK,Mind Energy,NOK,"5,200","5,200",,,,,,,,,,,,,,,,,,,,,,,,,,,,
2027-10-01,DNB NOK,Mind Energy,NOK,"18,110","18,110",,2027-10-01,DNB NOK,NOK,"-23,325","-23,325",,2025-10-01,DNB NOK,Mind Energy,NOK,"5,200","5,200",,,,,,,,,,,,,,,,,,,,,,,,,,,,
2027-11-01,DNB NOK,Mind Energy,NOK,"27,594","27,594",,2027-11-01,DNB NOK,NOK,"-68,365","-68,365",,2025-11-01,DNB NOK,Mind Energy,NOK,"22,000","22,000",,,,,,,,,,,,,,,,,,,,,,,,,,,,
2027-12-01,DNB NOK,Mind Energy,NOK,"32,953","32,953",,2027-12-01,DNB NOK,NOK,"200,000","200,000",,2025-12-01,DNB NOK,Mind Energy,NOK,"22,000","22,000",,,,,,,,,,,,,,,,,,,,,,,,,,,,
2026-01-01,DNB NOK,Skagerak,NOK,"94,513","94,513",,2026-01-01,DNB EUR,EUR,0,0,,2026-01-01,DNB NOK,Mind Energy,NOK,"22,000","22,000",,,,,,,,,,,,,,,,,,,,,,,,,,,,
2026-02-01,DNB NOK,Skagerak,NOK,"94,513","94,513",,2026-02-01,DNB EUR,EUR,200,"2,246",,2026-02-01,DNB NOK,Mind Energy,NOK,"22,000","22,000",,,,,,,,,,,,,,,,,,,,,,,,,,,,
2026-03-01,DNB NOK,Skagerak,NOK,"94,513","94,513",,2026-03-01,DNB EUR,EUR,"6,200","69,626",,2026-03-01,DNB NOK,Mind Energy,NOK,"38,000","38,000",,,,,,,,,,,,,,,,,,,,,,,,,,,,
2026-04-01,DNB NOK,Skagerak,NOK,"76,559","76,559",,2026-04-01,DNB EUR,EUR,"6,798","76,342",,2026-04-01,DNB NOK,Mind Energy,NOK,"38,000","38,000",,,,,,,,,,,,,,,,,,,,,,,,,,,,
2026-05-01,DNB NOK,Skagerak,NOK,"76,559","76,559",,2026-05-01,DNB EUR,EUR,"5,798","65,112",,2026-05-01,DNB NOK,Mind Energy,NOK,"38,000","38,000",,,,,,,,,,,,,,,,,,,,,,,,,,,,
2026-06-01,DNB NOK,Skagerak,NOK,"76,559","76,559",,2026-06-01,DNB EUR,EUR,"6,058","68,031",,2026-06-01,DNB NOK,Mind Energy,NOK,"38,000","38,000",,,,,,,,,,,,,,,,,,,,,,,,,,,,
2026-07-01,DNB NOK,Skagerak,NOK,"94,781","94,781",,2026-07-01,DNB EUR,EUR,"6,158","69,154",,2026-07-01,DNB NOK,Mind Energy,NOK,"38,000","38,000",,,,,,,,,,,,,,,,,,,,,,,,,,,,
2026-08-01,DNB NOK,Skagerak,NOK,"94,781","94,781",,2026-08-01,DNB EUR,EUR,"7,908","88,807",,2026-08-01,DNB NOK,Mind Energy,NOK,"38,000","38,000",,,,,,,,,,,,,,,,,,,,,,,,,,,,
2026-09-01,DNB NOK,Skagerak,NOK,"94,781","94,781",,2026-09-01,DNB EUR,EUR,"10,387","116,649",,2026-09-01,DNB NOK,Mind Energy,NOK,"38,000","38,000",,,,,,,,,,,,,,,,,,,,,,,,,,,,
2026-10-01,DNB NOK,Skagerak,NOK,"181,187","181,187",,2026-10-01,DNB EUR,EUR,"14,177","159,208",,2024-01-01,DNB NOK,Skagerak,NOK,"73,000","73,000",,,,,,,,,,,,,,,,,,,,,,,,,,,,
2026-11-01,DNB NOK,Skagerak,NOK,"181,187","181,187",,2026-11-01,DNB EUR,EUR,"18,588","208,745",,2024-02-01,DNB NOK,Skagerak,NOK,"73,000","73,000",,,,,,,,,,,,,,,,,,,,,,,,,,,,
2026-12-01,DNB NOK,Skagerak,NOK,"181,187","181,187",,2026-12-01,DNB EUR,EUR,"22,307","250,508",,2024-03-01,DNB NOK,Skagerak,NOK,"73,000","73,000",,,,,,,,,,,,,,,,,,,,,,,,,,,,
2027-01-01,DNB NOK,Skagerak,NOK,"194,662","194,662",,2027-01-01,DNB EUR,EUR,"23,589","264,903",,2024-04-01,DNB NOK,Skagerak,NOK,"65,000","65,000",,,,,,,,,,,,,,,,,,,,,,,,,,,,
2027-02-01,DNB NOK,Skagerak,NOK,"194,662","194,662",,2027-02-01,DNB EUR,EUR,"20,036","225,006",,2024-05-01,DNB NOK,Skagerak,NOK,"65,000","65,000",,,,,,,,,,,,,,,,,,,,,,,,,,,,
2027-03-01,DNB NOK,Skagerak,NOK,"194,662","194,662",,2027-03-01,DNB EUR,EUR,"16,079","180,564",,2024-06-01,DNB NOK,Skagerak,NOK,"65,000","65,000",,,,,,,,,,,,,,,,,,,,,,,,,,,,
2027-04-01,DNB NOK,Skagerak,NOK,"95,919","95,919",,2027-04-01,DNB EUR,EUR,"12,602","141,520",,2024-07-01,DNB NOK,Skagerak,NOK,"65,000","65,000",,Guarantee line (k),Guarantee type,,,,,,,,,,,,,,,,,,,,,,,,,
2027-05-01,DNB NOK,Skagerak,NOK,"95,919","95,919",,2027-05-01,DNB EUR,EUR,"12,640","141,943",,2024-08-01,DNB NOK,Skagerak,NOK,"65,000","65,000",,Period,Atradius EUR,Cash collateral,DNB EUR,DNB NOK,,,,,,,,,,,,,,,,,,,,,,
2027-06-01,DNB NOK,Skagerak,NOK,"95,919","95,919",,2027-06-01,DNB EUR,EUR,"12,768","143,384",,2024-09-01,DNB NOK,Skagerak,NOK,"65,000","65,000",,2026-01-01,"15,000",0,0,"200,000",,,,,,,,,,,,,,,,,,,,,,
2027-07-01,DNB NOK,Skagerak,NOK,"80,182","80,182",,2027-07-01,DNB EUR,EUR,"13,151","147,683",,2024-10-01,DNB NOK,Skagerak,NOK,"58,000","58,000",,2026-02-01,"15,000",0,200,"197,754",,,,,,,,,,,,,,,,,,,,,,
2027-08-01,DNB NOK,Skagerak,NOK,"80,182","80,182",,2027-08-01,DNB EUR,EUR,"13,714","154,003",,2024-11-01,DNB NOK,Skagerak,NOK,"58,000","58,000",,2026-03-01,"1,750",0,"6,200","130,374",,,,,,,,,,,,,,,,,,,,,,
2027-09-01,DNB NOK,Skagerak,NOK,"80,182","80,182",,2027-09-01,DNB EUR,EUR,"15,327","172,121",,2024-12-01,DNB NOK,Skagerak,NOK,"58,000","58,000",,2026-04-01,"1,750",0,"6,798","123,658",,,,,,,,,,,,,,,,,,,,,,
2027-10-01,DNB NOK,Skagerak,NOK,"111,734","111,734",,2027-10-01,DNB EUR,EUR,"19,886","223,325",,2025-01-01,DNB NOK,Skagerak,NOK,"51,000","51,000",,2026-05-01,"1,750",0,"5,798","134,888",,,,,,,,,,,,,,,,,,,,,,
2027-11-01,DNB NOK,Skagerak,NOK,"111,734","111,734",,2027-11-01,DNB EUR,EUR,"23,897","268,365",,2025-02-01,DNB NOK,Skagerak,NOK,"51,000","51,000",,2026-06-01,"1,246",0,"6,058","131,969",,,,,,,,,,,,,,,,,,,,,,
2027-12-01,DNB NOK,Skagerak,NOK,"111,734","111,734",,2027-12-01,DNB EUR,EUR,#DIV/0!,#DIV/0!,,2025-03-01,DNB NOK,Skagerak,NOK,"51,000","51,000",,2026-07-01,"1,050",0,"6,158","130,846",,,,,,,,,,,,,,,,,,,,,,
2026-01-01,DNB NOK,Nord Pool,NOK,"1,500","1,500",,2026-01-01,Atradius EUR,EUR,"15,000","168,450",,2025-04-01,DNB NOK,Skagerak,NOK,"63,000","63,000",,2026-08-01,"1,050",0,"7,908","111,193",,,,,,,,,,,,,,,,,,,,,,
2026-02-01,DNB NOK,Nord Pool,NOK,"1,500","1,500",,2026-02-01,Atradius EUR,EUR,"15,000","168,450",,2025-05-01,DNB NOK,Skagerak,NOK,"63,000","63,000",,2026-09-01,"1,050",0,"10,387","83,351",,,,,,,,,,,,,,,,,,,,,,
2026-03-01,DNB NOK,Nord Pool,NOK,"1,500","1,500",,2026-03-01,Atradius EUR,EUR,"1,750","19,647",,2025-06-01,DNB NOK,Skagerak,NOK,"63,000","63,000",,2026-10-01,900,0,"14,177","40,792",,,,,,,,,,,,,,,,,,,,,,
2026-04-01,DNB NOK,Nord Pool,NOK,"1,500","1,500",,2026-04-01,Atradius EUR,EUR,"1,750","19,647",,2025-07-01,DNB NOK,Skagerak,NOK,"68,000","68,000",,2026-11-01,900,0,"18,588","-8,745",,,,,,,,,,,,,,,,,,,,,,
2026-05-01,DNB NOK,Nord Pool,NOK,"1,500","1,500",,2026-05-01,Atradius EUR,EUR,"1,750","19,647",,2025-08-01,DNB NOK,Skagerak,NOK,"68,000","68,000",,2026-12-01,900,0,"22,307","-50,508",,,,,,,,,,,,,,,,,,,,,,
2026-06-01,DNB NOK,Nord Pool,NOK,"1,500","1,500",,2026-06-01,Atradius EUR,EUR,"1,246","13,987",,2025-09-01,DNB NOK,Skagerak,NOK,"68,000","68,000",,2027-01-01,0,0,"23,589","-64,903",,,,,,,,,,,,,,,,,,,,,,
2026-07-01,DNB NOK,Nord Pool,NOK,"1,500","1,500",,2026-07-01,Atradius EUR,EUR,"1,050","11,792",,2025-10-01,DNB NOK,Skagerak,NOK,"68,000","68,000",,2027-02-01,0,0,"20,036","-25,006",,,,,,,,,,,,,,,,,,,,,,
2026-08-01,DNB NOK,Nord Pool,NOK,"1,500","1,500",,2026-08-01,Atradius EUR,EUR,"1,050","11,792",,2025-11-01,DNB NOK,Skagerak,NOK,"68,000","68,000",,2027-03-01,0,0,"16,079","19,436",,,,,,,,,,,,,,,,,,,,,,
2026-09-01,DNB NOK,Nord Pool,NOK,"1,500","1,500",,2026-09-01,Atradius EUR,EUR,"1,050","11,792",,2025-12-01,DNB NOK,Skagerak,NOK,"68,000","68,000",,2027-04-01,0,0,"12,602","58,480",,,,,,,,,,,,,,,,,,,,,,
2026-10-01,DNB NOK,Nord Pool,NOK,"1,500","1,500",,2026-10-01,Atradius EUR,EUR,900,"10,107",,2026-01-01,DNB NOK,Skagerak,NOK,"68,000","68,000",,2027-05-01,0,0,"12,640","58,057",,,,,,,,,,,,,,,,,,,,,,
2026-11-01,DNB NOK,Nord Pool,NOK,"1,500","1,500",,2026-11-01,Atradius EUR,EUR,900,"10,107",,2026-02-01,DNB NOK,Skagerak,NOK,"68,000","68,000",,2027-06-01,0,0,"12,768","56,616",,,,,,,,,,,,,,,,,,,,,,
2026-12-01,DNB NOK,Nord Pool,NOK,"1,500","1,500",,2026-12-01,Atradius EUR,EUR,900,"10,107",,2026-03-01,DNB NOK,Skagerak,NOK,"68,000","68,000",,2027-07-01,0,0,"13,151","52,317",,,,,,,,,,,,,,,,,,,,,,
2027-01-01,DNB NOK,Nord Pool,NOK,"1,500","1,500",,2027-01-01,Atradius EUR,EUR,0,0,,2026-04-01,DNB NOK,Skagerak,NOK,"68,000","68,000",,2027-08-01,0,0,"13,714","45,997",,,,,,,,,,,,,,,,,,,,,,
2027-02-01,DNB NOK,Nord Pool,NOK,"1,500","1,500",,2027-02-01,Atradius EUR,EUR,0,0,,2026-05-01,DNB NOK,Skagerak,NOK,"94,000","94,000",,2027-09-01,0,0,"15,327","27,879",,,,,,,,,,,,,,,,,,,,,,
2027-03-01,DNB NOK,Nord Pool,NOK,"1,500","1,500",,2027-03-01,Atradius EUR,EUR,0,0,,2026-06-01,DNB NOK,Skagerak,NOK,"79,000","79,000",,2027-10-01,0,0,"19,886","-23,325",,,,,,,,,,,,,,,,,,,,,,
2027-04-01,DNB NOK,Nord Pool,NOK,"1,500","1,500",,2027-04-01,Atradius EUR,EUR,0,0,,2026-07-01,DNB NOK,Skagerak,NOK,"73,000","73,000",,2027-11-01,0,0,"23,897","-68,365",,,,,,,,,,,,,,,,,,,,,,
2027-05-01,DNB NOK,Nord Pool,NOK,"1,500","1,500",,2027-05-01,Atradius EUR,EUR,0,0,,2026-08-01,DNB NOK,Skagerak,NOK,"73,000","73,000",,2027-12-01,0,0,#DIV/0!,"200,000",,,,,,,,,,,,,,,,,,,,,,
2027-06-01,DNB NOK,Nord Pool,NOK,"1,500","1,500",,2027-06-01,Atradius EUR,EUR,0,0,,2026-09-01,DNB NOK,Skagerak,NOK,"73,000","73,000",,,,,,,,,,,,,,,,,,,,,,,,,,,,
2027-07-01,DNB NOK,Nord Pool,NOK,"1,500","1,500",,2027-07-01,Atradius EUR,EUR,0,0,,2024-01-01,DNB NOK,Nord Pool,NOK,"40,000","40,000",,,,,,,,,,,,,,,,,,,,,,,,,,,,
2027-08-01,DNB NOK,Nord Pool,NOK,"1,500","1,500",,2027-08-01,Atradius EUR,EUR,0,0,,2024-02-01,DNB NOK,Nord Pool,NOK,"25,000","25,000",,,,,,,,,,,,,,,,,,,,,,,,,,,,
2027-09-01,DNB NOK,Nord Pool,NOK,"1,500","1,500",,2027-09-01,Atradius EUR,EUR,0,0,,2024-03-01,DNB NOK,Nord Pool,NOK,"25,000","25,000",,,,,,,,,,,,,,,,,,,,,,,,,,,,
2027-10-01,DNB NOK,Nord Pool,NOK,"1,500","1,500",,2027-10-01,Atradius EUR,EUR,0,0,,2024-04-01,DNB NOK,Nord Pool,NOK,"8,000","8,000",,,,,,,,,,,,,,,,,,,,,,,,,,,,
2027-11-01,DNB NOK,Nord Pool,NOK,"1,500","1,500",,2027-11-01,Atradius EUR,EUR,0,0,,2024-05-01,DNB NOK,Nord Pool,NOK,"8,000","8,000",,,,,,,,,,,,,,,,,,,,,,,,,,,,
2027-12-01,DNB NOK,Nord Pool,NOK,"1,500","1,500",,2027-12-01,Atradius EUR,EUR,0,0,,2024-06-01,DNB NOK,Nord Pool,NOK,"8,000","8,000",,,,,,,,,,,,,,,,,,,,,,,,,,,,
2026-01-01,DNB NOK,eSett,NOK,"1,500","1,500",,2026-01-01,Cash collateral,EUR,,,,2024-07-01,DNB NOK,Nord Pool,NOK,"8,000","8,000",,,,,,,,,,,,,,,,,,,,,,,,,,,,
2026-02-01,DNB NOK,eSett,NOK,"1,500","1,500",,2026-02-01,Cash collateral,EUR,,,,2024-08-01,DNB NOK,Nord Pool,NOK,"8,000","8,000",,,,,,,,,,,,,,,,,,,,,,,,,,,,
2026-03-01,DNB NOK,eSett,NOK,"1,500","1,500",,2026-03-01,Cash collateral,EUR,,,,2024-09-01,DNB NOK,Nord Pool,NOK,"8,000","8,000",,,,,,,,,,,,,,,,,,,,,,,,,,,,
2026-04-01,DNB NOK,eSett,NOK,"1,500","1,500",,2026-04-01,Cash collateral,EUR,,,,2024-10-01,DNB NOK,Nord Pool,NOK,"1,500","1,500",,,,,,,,,,,,,,,,,,,,,,,,,,,,
2026-05-01,DNB NOK,eSett,NOK,"1,500","1,500",,2026-05-01,Cash collateral,EUR,,,,2024-11-01,DNB NOK,Nord Pool,NOK,"1,500","1,500",,,,,,,,,,,,,,,,,,,,,,,,,,,,
2026-06-01,DNB NOK,eSett,NOK,"1,500","1,500",,2026-06-01,Cash collateral,EUR,,,,2024-12-01,DNB NOK,Nord Pool,NOK,"1,500","1,500",,,,,,,,,,,,,,,,,,,,,,,,,,,,
2026-07-01,DNB NOK,eSett,NOK,"1,500","1,500",,2026-07-01,Cash collateral,EUR,,,,2025-01-01,DNB NOK,Nord Pool,NOK,"1,500","1,500",,,,,,,,,,,,,,,,,,,,,,,,,,,,
2026-08-01,DNB NOK,eSett,NOK,"1,500","1,500",,2026-08-01,Cash collateral,EUR,,,,2025-02-01,DNB NOK,Nord Pool,NOK,"1,500","1,500",,,,,,,,,,,,,,,,,,,,,,,,,,,,
2026-09-01,DNB NOK,eSett,NOK,"1,500","1,500",,2026-09-01,Cash collateral,EUR,,,,2025-03-01,DNB NOK,Nord Pool,NOK,"1,500","1,500",,,,,,,,,,,,,,,,,,,,,,,,,,,,
2026-10-01,DNB NOK,eSett,NOK,"1,500","1,500",,2026-10-01,Cash collateral,EUR,,,,2025-04-01,DNB NOK,Nord Pool,NOK,"1,500","1,500",,,,,,,,,,,,,,,,,,,,,,,,,,,,
2026-11-01,DNB NOK,eSett,NOK,"1,500","1,500",,2026-11-01,Cash collateral,EUR,,,,2025-05-01,DNB NOK,Nord Pool,NOK,"1,500","1,500",,,,,,,,,,,,,,,,,,,,,,,,,,,,
2026-12-01,DNB NOK,eSett,NOK,"1,500","1,500",,2026-12-01,Cash collateral,EUR,,,,2025-06-01,DNB NOK,Nord Pool,NOK,"1,500","1,500",,,,,,,,,,,,,,,,,,,,,,,,,,,,
2027-01-01,DNB NOK,eSett,NOK,"1,500","1,500",,2027-01-01,Cash collateral,EUR,,,,2025-07-01,DNB NOK,Nord Pool,NOK,"1,500","1,500",,,,,,,,,,,,,,,,,,,,,,,,,,,,
2027-02-01,DNB NOK,eSett,NOK,"1,500","1,500",,2027-02-01,Cash collateral,EUR,,,,2025-08-01,DNB NOK,Nord Pool,NOK,"1,500","1,500",,,,,,,,,,,,,,,,,,,,,,,,,,,,
2027-03-01,DNB NOK,eSett,NOK,"1,500","1,500",,2027-03-01,Cash collateral,EUR,,,,2025-09-01,DNB NOK,Nord Pool,NOK,"1,500","1,500",,,,,,,,,,,,,,,,,,,,,,,,,,,,
2027-04-01,DNB NOK,eSett,NOK,"1,500","1,500",,2027-04-01,Cash collateral,EUR,,,,2025-10-01,DNB NOK,Nord Pool,NOK,"1,500","1,500",,,,,,,,,,,,,,,,,,,,,,,,,,,,
2027-05-01,DNB NOK,eSett,NOK,"1,500","1,500",,2027-05-01,Cash collateral,EUR,,,,2025-11-01,DNB NOK,Nord Pool,NOK,"1,500","1,500",,,,,,,,,,,,,,,,,,,,,,,,,,,,
2027-06-01,DNB NOK,eSett,NOK,"1,500","1,500",,2027-06-01,Cash collateral,EUR,,,,2025-12-01,DNB NOK,Nord Pool,NOK,"1,500","1,500",,,,,,,,,,,,,,,,,,,,,,,,,,,,
2027-07-01,DNB NOK,eSett,NOK,"1,500","1,500",,2027-07-01,Cash collateral,EUR,,,,2026-01-01,DNB NOK,Nord Pool,NOK,"1,500","1,500",,,,,,,,,,,,,,,,,,,,,,,,,,,,
2027-08-01,DNB NOK,eSett,NOK,"1,500","1,500",,2027-08-01,Cash collateral,EUR,,,,2026-02-01,DNB NOK,Nord Pool,NOK,"1,500","1,500",,,,,,,,,,,,,,,,,,,,,,,,,,,,
2027-09-01,DNB NOK,eSett,NOK,"1,500","1,500",,2027-09-01,Cash collateral,EUR,,,,2026-03-01,DNB NOK,Nord Pool,NOK,"1,500","1,500",,,,,,,,,,,,,,,,,,,,,,,,,,,,
2027-10-01,DNB NOK,eSett,NOK,"1,500","1,500",,2027-10-01,Cash collateral,EUR,,,,2026-04-01,DNB NOK,Nord Pool,NOK,"1,500","1,500",,,,,,,,,,,,,,,,,,,,,,,,,,,,
2027-11-01,DNB NOK,eSett,NOK,"1,500","1,500",,2027-11-01,Cash collateral,EUR,,,,2026-05-01,DNB NOK,Nord Pool,NOK,"1,500","1,500",,,,,,,,,,,,,,,,,,,,,,,,,,,,
2027-12-01,DNB NOK,eSett,NOK,"1,500","1,500",,2027-12-01,Cash collateral,EUR,,,,2026-06-01,DNB NOK,Nord Pool,NOK,"1,500","1,500",,,,,,,,,,,,,,,,,,,,,,,,,,,,
2026-01-01,DNB EUR,Marex,EUR,0,0,,,,,,,,2026-07-01,DNB NOK,Nord Pool,NOK,"1,500","1,500",,,,,,,,,,,,,,,,,,,,,,,,,,,,
2026-02-01,DNB EUR,Marex,EUR,0,0,,,,,,,,2026-08-01,DNB NOK,Nord Pool,NOK,"1,500","1,500",,,,,,,,,,,,,,,,,,,,,,,,,,,,
2026-03-01,DNB EUR,Marex,EUR,68,769,,,,,,,,2026-09-01,DNB NOK,Nord Pool,NOK,"1,500","1,500",,,,,,,,,,,,,,,,,,,,,,,,,,,,
2026-04-01,DNB EUR,Marex,EUR,133,"1,489",,,,,,,,2024-01-01,DNB NOK,eSett,NOK,0,0,,,,,,,,,,,,,,,,,,,,,,,,,,,,
2026-05-01,DNB EUR,Marex,EUR,299,"3,356",,,,,,,,2024-02-01,DNB NOK,eSett,NOK,0,0,,,,,,,,,,,,,,,,,,,,,,,,,,,,
2026-06-01,DNB EUR,Marex,EUR,393,"4,416",,,,,,,,2024-03-01,DNB NOK,eSett,NOK,0,0,,,,,,,,,,,,,,,,,,,,,,,,,,,,
2026-07-01,DNB EUR,Marex,EUR,481,"5,398",,,,,,,,2024-04-01,DNB NOK,eSett,NOK,"9,000","9,000",,,,,,,,,,,,,,,,,,,,,,,,,,,,
2026-08-01,DNB EUR,Marex,EUR,788,"8,850",,,,,,,,2024-05-01,DNB NOK,eSett,NOK,"9,000","9,000",,,,,,,,,,,,,,,,,,,,,,,,,,,,
2026-09-01,DNB EUR,Marex,EUR,"1,066","11,972",,,,,,,,2024-06-01,DNB NOK,eSett,NOK,"9,000","9,000",,,,,,,,,,,,,,,,,,,,,,,,,,,,
2026-10-01,DNB EUR,Marex,EUR,"1,978","22,212",,,,,,,,2024-07-01,DNB NOK,eSett,NOK,"9,000","9,000",,,,,,,,,,,,,,,,,,,,,,,,,,,,
2026-11-01,DNB EUR,Marex,EUR,"2,700","30,322",,,,,,,,2024-08-01,DNB NOK,eSett,NOK,"9,000","9,000",,,,,,,,,,,,,,,,,,,,,,,,,,,,
2026-12-01,DNB EUR,Marex,EUR,"3,038","34,121",,,,,,,,2024-09-01,DNB NOK,eSett,NOK,"9,000","9,000",,,,,,,,,,,,,,,,,,,,,,,,,,,,
2027-01-01,DNB EUR,Marex,EUR,"2,495","28,019",,,,,,,,2024-10-01,DNB NOK,eSett,NOK,"1,500","1,500",,,,,,,,,,,,,,,,,,,,,,,,,,,,
2027-02-01,DNB EUR,Marex,EUR,"1,943","21,823",,,,,,,,2024-11-01,DNB NOK,eSett,NOK,"1,500","1,500",,,,,,,,,,,,,,,,,,,,,,,,,,,,
2027-03-01,DNB EUR,Marex,EUR,"1,643","18,448",,,,,,,,2024-12-01,DNB NOK,eSett,NOK,"1,500","1,500",,,,,,,,,,,,,,,,,,,,,,,,,,,,
2027-04-01,DNB EUR,Marex,EUR,"1,433","16,093",,,,,,,,2025-01-01,DNB NOK,eSett,NOK,"1,500","1,500",,,,,,,,,,,,,,,,,,,,,,,,,,,,
2027-05-01,DNB EUR,Marex,EUR,"1,455","16,340",,,,,,,,2025-02-01,DNB NOK,eSett,NOK,"1,500","1,500",,,,,,,,,,,,,,,,,,,,,,,,,,,,
2027-06-01,DNB EUR,Marex,EUR,"1,402","15,739",,,,,,,,2025-03-01,DNB NOK,eSett,NOK,"1,500","1,500",,,,,,,,,,,,,,,,,,,,,,,,,,,,
2027-07-01,DNB EUR,Marex,EUR,"1,331","14,942",,,,,,,,2025-04-01,DNB NOK,eSett,NOK,"1,500","1,500",,,,,,,,,,,,,,,,,,,,,,,,,,,,
2027-08-01,DNB EUR,Marex,EUR,"1,611","18,089",,,,,,,,2025-05-01,DNB NOK,eSett,NOK,"1,500","1,500",,,,,,,,,,,,,,,,,,,,,,,,,,,,
2027-09-01,DNB EUR,Marex,EUR,"1,869","20,993",,,,,,,,2025-06-01,DNB NOK,eSett,NOK,"1,500","1,500",,,,,,,,,,,,,,,,,,,,,,,,,,,,
2027-10-01,DNB EUR,Marex,EUR,"3,123","35,070",,,,,,,,2025-07-01,DNB NOK,eSett,NOK,"1,500","1,500",,,,,,,,,,,,,,,,,,,,,,,,,,,,
2027-11-01,DNB EUR,Marex,EUR,"4,185","46,998",,,,,,,,2025-08-01,DNB NOK,eSett,NOK,"1,500","1,500",,,,,,,,,,,,,,,,,,,,,,,,,,,,
2027-12-01,DNB EUR,Marex,EUR,"4,725","53,058",,,,,,,,2025-09-01,DNB NOK,eSett,NOK,"1,500","1,500",,,,,,,,,,,,,,,,,,,,,,,,,,,,
2026-01-01,DNB EUR,Nord Pool DE,EUR,0,0,,,,,,,,2025-10-01,DNB NOK,eSett,NOK,"1,500","1,500",,,,,,,,,,,,,,,,,,,,,,,,,,,,
2026-02-01,DNB EUR,Nord Pool DE,EUR,200,"2,246",,,,,,,,2025-11-01,DNB NOK,eSett,NOK,"1,500","1,500",,,,,,,,,,,,,,,,,,,,,,,,,,,,
2026-03-01,DNB EUR,Nord Pool DE,EUR,200,"2,246",,,,,,,,2025-12-01,DNB NOK,eSett,NOK,"1,500","1,500",,,,,,,,,,,,,,,,,,,,,,,,,,,,
2026-04-01,DNB EUR,Nord Pool DE,EUR,200,"2,246",,,,,,,,2026-01-01,DNB NOK,eSett,NOK,"1,500","1,500",,,,,,,,,,,,,,,,,,,,,,,,,,,,
2026-05-01,DNB EUR,Nord Pool DE,EUR,200,"2,246",,,,,,,,2026-02-01,DNB NOK,eSett,NOK,"1,500","1,500",,,,,,,,,,,,,,,,,,,,,,,,,,,,
2026-06-01,DNB EUR,Nord Pool DE,EUR,200,"2,246",,,,,,,,2026-03-01,DNB NOK,eSett,NOK,"1,500","1,500",,,,,,,,,,,,,,,,,,,,,,,,,,,,
2026-07-01,DNB EUR,Nord Pool DE,EUR,200,"2,246",,,,,,,,2026-04-01,DNB NOK,eSett,NOK,"1,500","1,500",,,,,,,,,,,,,,,,,,,,,,,,,,,,
2026-08-01,DNB EUR,Nord Pool DE,EUR,200,"2,246",,,,,,,,2026-05-01,DNB NOK,eSett,NOK,"1,500","1,500",,,,,,,,,,,,,,,,,,,,,,,,,,,,
2026-09-01,DNB EUR,Nord Pool DE,EUR,200,"2,246",,,,,,,,2026-06-01,DNB NOK,eSett,NOK,"1,500","1,500",,,,,,,,,,,,,,,,,,,,,,,,,,,,
2026-10-01,DNB EUR,Nord Pool DE,EUR,200,"2,246",,,,,,,,2026-07-01,DNB NOK,eSett,NOK,"1,500","1,500",,,,,,,,,,,,,,,,,,,,,,,,,,,,
2026-11-01,DNB EUR,Nord Pool DE,EUR,200,"2,246",,,,,,,,2026-08-01,DNB NOK,eSett,NOK,"1,500","1,500",,,,,,,,,,,,,,,,,,,,,,,,,,,,
2026-12-01,DNB EUR,Nord Pool DE,EUR,200,"2,246",,,,,,,,2026-09-01,DNB NOK,eSett,NOK,"1,500","1,500",,,,,,,,,,,,,,,,,,,,,,,,,,,,
2027-01-01,DNB EUR,Nord Pool DE,EUR,200,"2,246",,,,,,,,2026-05-01,DNB EUR,Marex,EUR,0,0,,,,,,,,,,,,,,,,,,,,,,,,,,,,
2027-02-01,DNB EUR,Nord Pool DE,EUR,200,"2,246",,,,,,,,2026-06-01,DNB EUR,Marex,EUR,0,0,,,,,,,,,,,,,,,,,,,,,,,,,,,,
2027-03-01,DNB EUR,Nord Pool DE,EUR,200,"2,246",,,,,,,,2026-07-01,DNB EUR,Marex,EUR,0,0,,,,,,,,,,,,,,,,,,,,,,,,,,,,
2027-04-01,DNB EUR,Nord Pool DE,EUR,200,"2,246",,,,,,,,2026-08-01,DNB EUR,Marex,EUR,"1,000","11,230",,,,,,,,,,,,,,,,,,,,,,,,,,,,
2027-05-01,DNB EUR,Nord Pool DE,EUR,200,"2,246",,,,,,,,2026-09-01,DNB EUR,Marex,EUR,"1,000","11,230",,,,,,,,,,,,,,,,,,,,,,,,,,,,
2027-06-01,DNB EUR,Nord Pool DE,EUR,200,"2,246",,,,,,,,2024-01-01,DNB EUR,Nord Pool DE,EUR,0,0,,,,,,,,,,,,,,,,,,,,,,,,,,,,
2027-07-01,DNB EUR,Nord Pool DE,EUR,200,"2,246",,,,,,,,2024-02-01,DNB EUR,Nord Pool DE,EUR,0,0,,,,,,,,,,,,,,,,,,,,,,,,,,,,
2027-08-01,DNB EUR,Nord Pool DE,EUR,200,"2,246",,,,,,,,2024-03-01,DNB EUR,Nord Pool DE,EUR,0,0,,,,,,,,,,,,,,,,,,,,,,,,,,,,
2027-09-01,DNB EUR,Nord Pool DE,EUR,200,"2,246",,,,,,,,2024-04-01,DNB EUR,Nord Pool DE,EUR,0,0,,,,,,,,,,,,,,,,,,,,,,,,,,,,
2027-10-01,DNB EUR,Nord Pool DE,EUR,200,"2,246",,,,,,,,2024-05-01,DNB EUR,Nord Pool DE,EUR,0,0,,,,,,,,,,,,,,,,,,,,,,,,,,,,
2027-11-01,DNB EUR,Nord Pool DE,EUR,200,"2,246",,,,,,,,2024-06-01,DNB EUR,Nord Pool DE,EUR,0,0,,,,,,,,,,,,,,,,,,,,,,,,,,,,
2027-12-01,DNB EUR,Nord Pool DE,EUR,200,"2,246",,,,,,,,2024-07-01,DNB EUR,Nord Pool DE,EUR,0,0,,,,,,,,,,,,,,,,,,,,,,,,,,,,
2027-03-01,DNB EUR,Nord Pool DE,EUR,200,"2,246",,,,,,,,2024-08-01,DNB EUR,Nord Pool DE,EUR,0,0,,,,,,,,,,,,,,,,,,,,,,,,,,,,
2026-01-01,Atradius EUR,AXPO,EUR,"9,190","103,206",,,,,,,,2024-09-01,DNB EUR,Nord Pool DE,EUR,0,0,,,,,,,,,,,,,,,,,,,,,,,,,,,,
2026-02-01,Atradius EUR,AXPO,EUR,"6,991","78,505",,,,,,,,2024-10-01,DNB EUR,Nord Pool DE,EUR,0,0,,,,,,,,,,,,,,,,,,,,,,,,,,,,
2026-03-01,DNB EUR,AXPO,EUR,"5,763","64,722",,,,,,,,2024-11-01,DNB EUR,Nord Pool DE,EUR,0,0,,,,,,,,,,,,,,,,,,,,,,,,,,,,
2026-04-01,DNB EUR,AXPO,EUR,"5,135","57,664",,,,,,,,2024-12-01,DNB EUR,Nord Pool DE,EUR,0,0,,,,,,,,,,,,,,,,,,,,,,,,,,,,
2026-05-01,DNB EUR,AXPO,EUR,"4,810","54,017",,,,,,,,2025-01-01,DNB EUR,Nord Pool DE,EUR,0,0,,,,,,,,,,,,,,,,,,,,,,,,,,,,
2026-06-01,DNB EUR,AXPO,EUR,"5,083","57,080",,,,,,,,2025-02-01,DNB EUR,Nord Pool DE,EUR,0,0,,,,,,,,,,,,,,,,,,,,,,,,,,,,
2026-07-01,DNB EUR,AXPO,EUR,"5,366","60,255",,,,,,,,2025-03-01,DNB EUR,Nord Pool DE,EUR,0,0,,,,,,,,,,,,,,,,,,,,,,,,,,,,
2026-08-01,DNB EUR,AXPO,EUR,"5,860","65,804",,,,,,,,2025-04-01,DNB EUR,Nord Pool DE,EUR,0,0,,,,,,,,,,,,,,,,,,,,,,,,,,,,
2026-09-01,DNB EUR,AXPO,EUR,"7,413","83,249",,,,,,,,2025-05-01,DNB EUR,Nord Pool DE,EUR,0,0,,,,,,,,,,,,,,,,,,,,,,,,,,,,
2026-10-01,DNB EUR,AXPO,EUR,"10,291","115,569",,,,,,,,2025-06-01,DNB EUR,Nord Pool DE,EUR,0,0,,,,,,,,,,,,,,,,,,,,,,,,,,,,
2026-11-01,DNB EUR,AXPO,EUR,"13,980","156,996",,,,,,,,2025-07-01,DNB EUR,Nord Pool DE,EUR,0,0,,,,,,,,,,,,,,,,,,,,,,,,,,,,
2026-12-01,DNB EUR,AXPO,EUR,"17,361","194,960",,,,,,,,2025-08-01,DNB EUR,Nord Pool DE,EUR,0,0,,,,,,,,,,,,,,,,,,,,,,,,,,,,
2027-01-01,DNB EUR,AXPO,EUR,"18,286","205,350",,,,,,,,2025-09-01,DNB EUR,Nord Pool DE,EUR,0,0,,,,,,,,,,,,,,,,,,,,,,,,,,,,
2027-02-01,DNB EUR,AXPO,EUR,"15,285","171,649",,,,,,,,2025-10-01,DNB EUR,Nord Pool DE,EUR,0,0,,,,,,,,,,,,,,,,,,,,,,,,,,,,
2027-03-01,DNB EUR,AXPO,EUR,"11,628","130,583",,,,,,,,2025-11-01,DNB EUR,Nord Pool DE,EUR,0,0,,,,,,,,,,,,,,,,,,,,,,,,,,,,
2027-04-01,DNB EUR,AXPO,EUR,"8,361","93,893",,,,,,,,2025-12-01,DNB EUR,Nord Pool DE,EUR,0,0,,,,,,,,,,,,,,,,,,,,,,,,,,,,
2027-05-01,DNB EUR,AXPO,EUR,"8,377","94,069",,,,,,,,2026-01-01,DNB EUR,Nord Pool DE,EUR,0,0,,,,,,,,,,,,,,,,,,,,,,,,,,,,
2027-06-01,DNB EUR,AXPO,EUR,"8,558","96,111",,,,,,,,2026-02-01,DNB EUR,Nord Pool DE,EUR,200,"2,246",,,,,,,,,,,,,,,,,,,,,,,,,,,,
2027-07-01,DNB EUR,AXPO,EUR,"9,012","101,208",,,,,,,,2026-03-01,DNB EUR,Nord Pool DE,EUR,200,"2,246",,,,,,,,,,,,,,,,,,,,,,,,,,,,
2027-08-01,DNB EUR,AXPO,EUR,"9,295","104,381",,,,,,,,2026-04-01,DNB EUR,Nord Pool DE,EUR,200,"2,246",,,,,,,,,,,,,,,,,,,,,,,,,,,,
2027-09-01,DNB EUR,AXPO,EUR,"10,650","119,594",,,,,,,,2026-05-01,DNB EUR,Nord Pool DE,EUR,200,"2,246",,,,,,,,,,,,,,,,,,,,,,,,,,,,
2027-10-01,DNB EUR,AXPO,EUR,"13,956","156,721",,,,,,,,2026-06-01,DNB EUR,Nord Pool DE,EUR,200,"2,246",,,,,,,,,,,,,,,,,,,,,,,,,,,,
2027-11-01,DNB EUR,AXPO,EUR,"16,904","189,833",,,,,,,,2026-07-01,DNB EUR,Nord Pool DE,EUR,200,"2,246",,,,,,,,,,,,,,,,,,,,,,,,,,,,
2027-12-01,DNB EUR,AXPO,EUR,#DIV/0!,#DIV/0!,,,,,,,,2026-08-01,DNB EUR,Nord Pool DE,EUR,200,"2,246",,,,,,,,,,,,,,,,,,,,,,,,,,,,
2026-01-01,Atradius EUR,BayWa,EUR,150,"1,685",,,,,,,,2026-09-01,DNB EUR,Nord Pool DE,EUR,200,"2,246",,,,,,,,,,,,,,,,,,,,,,,,,,,,
2026-02-01,Atradius EUR,BayWa,EUR,150,"1,685",,,,,,,,2024-01-01,Atradius EUR,AXPO,EUR,0,0,,,,,,,,,,,,,,,,,,,,,,,,,,,,
2026-03-01,Atradius EUR,BayWa,EUR,150,"1,685",,,,,,,,2024-02-01,Atradius EUR,AXPO,EUR,0,0,,,,,,,,,,,,,,,,,,,,,,,,,,,,
2026-04-01,Atradius EUR,BayWa,EUR,150,"1,685",,,,,,,,2024-03-01,Atradius EUR,AXPO,EUR,0,0,,,,,,,,,,,,,,,,,,,,,,,,,,,,
2026-05-01,Atradius EUR,BayWa,EUR,150,"1,685",,,,,,,,2024-04-01,Atradius EUR,AXPO,EUR,0,0,,,,,,,,,,,,,,,,,,,,,,,,,,,,
2026-06-01,Atradius EUR,BayWa,EUR,150,"1,685",,,,,,,,2024-05-01,Atradius EUR,AXPO,EUR,0,0,,,,,,,,,,,,,,,,,,,,,,,,,,,,
2026-07-01,Atradius EUR,BayWa,EUR,150,"1,685",,,,,,,,2024-06-01,Atradius EUR,AXPO,EUR,0,0,,,,,,,,,,,,,,,,,,,,,,,,,,,,
2026-08-01,DNB EUR,BayWa,EUR,750,"8,423",,,,,,,,2024-07-01,Atradius EUR,AXPO,EUR,0,0,,,,,,,,,,,,,,,,,,,,,,,,,,,,
2026-09-01,DNB EUR,BayWa,EUR,750,"8,423",,,,,,,,2024-08-01,Atradius EUR,AXPO,EUR,0,0,,,,,,,,,,,,,,,,,,,,,,,,,,,,
2026-10-01,DNB EUR,BayWa,EUR,750,"8,423",,,,,,,,2024-09-01,Atradius EUR,AXPO,EUR,0,0,,,,,,,,,,,,,,,,,,,,,,,,,,,,
2026-11-01,DNB EUR,BayWa,EUR,750,"8,423",,,,,,,,2024-10-01,Atradius EUR,AXPO,EUR,0,0,,,,,,,,,,,,,,,,,,,,,,,,,,,,
2026-12-01,DNB EUR,BayWa,EUR,750,"8,423",,,,,,,,2024-11-01,Atradius EUR,AXPO,EUR,0,0,,,,,,,,,,,,,,,,,,,,,,,,,,,,
2027-01-01,DNB EUR,BayWa,EUR,750,"8,423",,,,,,,,2024-12-01,Atradius EUR,AXPO,EUR,0,0,,,,,,,,,,,,,,,,,,,,,,,,,,,,
2027-02-01,DNB EUR,BayWa,EUR,750,"8,423",,,,,,,,2025-01-01,Atradius EUR,AXPO,EUR,0,0,,,,,,,,,,,,,,,,,,,,,,,,,,,,
2027-03-01,DNB EUR,BayWa,EUR,750,"8,423",,,,,,,,2025-02-01,Atradius EUR,AXPO,EUR,0,0,,,,,,,,,,,,,,,,,,,,,,,,,,,,
2027-04-01,DNB EUR,BayWa,EUR,750,"8,423",,,,,,,,2025-03-01,Atradius EUR,AXPO,EUR,"8,850","99,386",,,,,,,,,,,,,,,,,,,,,,,,,,,,
2027-05-01,DNB EUR,BayWa,EUR,750,"8,423",,,,,,,,2025-04-01,Atradius EUR,AXPO,EUR,"5,000","56,150",,,,,,,,,,,,,,,,,,,,,,,,,,,,
2027-06-01,DNB EUR,BayWa,EUR,750,"8,423",,,,,,,,2025-05-01,Atradius EUR,AXPO,EUR,"5,000","56,150",,,,,,,,,,,,,,,,,,,,,,,,,,,,
2027-07-01,DNB EUR,BayWa,EUR,750,"8,423",,,,,,,,2025-06-01,Atradius EUR,AXPO,EUR,"5,000","56,150",,,,,,,,,,,,,,,,,,,,,,,,,,,,
2027-08-01,DNB EUR,BayWa,EUR,750,"8,423",,,,,,,,2025-07-01,Atradius EUR,AXPO,EUR,"5,000","56,150",,,,,,,,,,,,,,,,,,,,,,,,,,,,
2027-09-01,DNB EUR,BayWa,EUR,750,"8,423",,,,,,,,2025-08-01,Atradius EUR,AXPO,EUR,"5,000","56,150",,,,,,,,,,,,,,,,,,,,,,,,,,,,
2027-10-01,DNB EUR,BayWa,EUR,750,"8,423",,,,,,,,2025-09-01,Atradius EUR,AXPO,EUR,"5,000","56,150",,,,,,,,,,,,,,,,,,,,,,,,,,,,
2027-11-01,DNB EUR,BayWa,EUR,750,"8,423",,,,,,,,2025-10-01,Atradius EUR,AXPO,EUR,"5,000","56,150",,,,,,,,,,,,,,,,,,,,,,,,,,,,
2027-12-01,DNB EUR,BayWa,EUR,750,"8,423",,,,,,,,2025-11-01,Atradius EUR,AXPO,EUR,"10,000","112,300",,,,,,,,,,,,,,,,,,,,,,,,,,,,
2026-01-01,Atradius EUR,TenneT,EUR,900,"10,107",,,,,,,,2025-12-01,Atradius EUR,AXPO,EUR,"10,000","112,300",,,,,,,,,,,,,,,,,,,,,,,,,,,,
2026-02-01,Atradius EUR,TenneT,EUR,900,"10,107",,,,,,,,2026-01-01,Atradius EUR,AXPO,EUR,"10,000","112,300",,,,,,,,,,,,,,,,,,,,,,,,,,,,
2026-03-01,Atradius EUR,TenneT,EUR,900,"10,107",,,,,,,,2026-02-01,Atradius EUR,AXPO,EUR,"10,000","112,300",,,,,,,,,,,,,,,,,,,,,,,,,,,,
2026-04-01,Atradius EUR,TenneT,EUR,900,"10,107",,,,,,,,2026-03-01,DNB EUR,AXPO,EUR,"6,000","67,380",,,,,,,,,,,,,,,,,,,,,,,,,,,,
2026-05-01,Atradius EUR,TenneT,EUR,900,"10,107",,,,,,,,2026-04-01,DNB EUR,AXPO,EUR,"6,000","67,380",,,,,,,,,,,,,,,,,,,,,,,,,,,,
2026-06-01,Atradius EUR,TenneT,EUR,900,"10,107",,,,,,,,2026-05-01,DNB EUR,AXPO,EUR,"5,000","56,150",,,,,,,,,,,,,,,,,,,,,,,,,,,,
2026-07-01,Atradius EUR,TenneT,EUR,900,"10,107",,,,,,,,2026-06-01,DNB EUR,AXPO,EUR,"5,000","56,150",,,,,,,,,,,,,,,,,,,,,,,,,,,,
2026-08-01,Atradius EUR,TenneT,EUR,900,"10,107",,,,,,,,2026-07-01,DNB EUR,AXPO,EUR,"5,000","56,150",,,,,,,,,,,,,,,,,,,,,,,,,,,,
2026-09-01,Atradius EUR,TenneT,EUR,900,"10,107",,,,,,,,2026-08-01,DNB EUR,AXPO,EUR,"5,000","56,150",,,,,,,,,,,,,,,,,,,,,,,,,,,,
2026-10-01,Atradius EUR,TenneT,EUR,900,"10,107",,,,,,,,2026-09-01,DNB EUR,AXPO,EUR,"5,000","56,150",,,,,,,,,,,,,,,,,,,,,,,,,,,,
2026-11-01,Atradius EUR,TenneT,EUR,900,"10,107",,,,,,,,2024-01-01,Atradius EUR,BayWa,EUR,0,0,,,,,,,,,,,,,,,,,,,,,,,,,,,,
2026-12-01,Atradius EUR,TenneT,EUR,900,"10,107",,,,,,,,2024-02-01,Atradius EUR,BayWa,EUR,0,0,,,,,,,,,,,,,,,,,,,,,,,,,,,,
2027-01-01,DNB EUR,TenneT,EUR,900,"10,107",,,,,,,,2024-03-01,Atradius EUR,BayWa,EUR,0,0,,,,,,,,,,,,,,,,,,,,,,,,,,,,
2027-02-01,DNB EUR,TenneT,EUR,900,"10,107",,,,,,,,2024-04-01,Atradius EUR,BayWa,EUR,0,0,,,,,,,,,,,,,,,,,,,,,,,,,,,,
2027-03-01,DNB EUR,TenneT,EUR,900,"10,107",,,,,,,,2024-05-01,Atradius EUR,BayWa,EUR,0,0,,,,,,,,,,,,,,,,,,,,,,,,,,,,
2027-04-01,DNB EUR,TenneT,EUR,900,"10,107",,,,,,,,2024-06-01,Atradius EUR,BayWa,EUR,0,0,,,,,,,,,,,,,,,,,,,,,,,,,,,,
2027-05-01,DNB EUR,TenneT,EUR,900,"10,107",,,,,,,,2024-07-01,Atradius EUR,BayWa,EUR,0,0,,,,,,,,,,,,,,,,,,,,,,,,,,,,
2027-06-01,DNB EUR,TenneT,EUR,900,"10,107",,,,,,,,2024-08-01,Atradius EUR,BayWa,EUR,0,0,,,,,,,,,,,,,,,,,,,,,,,,,,,,
2027-07-01,DNB EUR,TenneT,EUR,900,"10,107",,,,,,,,2024-09-01,Atradius EUR,BayWa,EUR,0,0,,,,,,,,,,,,,,,,,,,,,,,,,,,,
2027-08-01,DNB EUR,TenneT,EUR,900,"10,107",,,,,,,,2024-10-01,Atradius EUR,BayWa,EUR,0,0,,,,,,,,,,,,,,,,,,,,,,,,,,,,
2027-09-01,DNB EUR,TenneT,EUR,900,"10,107",,,,,,,,2024-11-01,Atradius EUR,BayWa,EUR,0,0,,,,,,,,,,,,,,,,,,,,,,,,,,,,
2027-10-01,DNB EUR,TenneT,EUR,900,"10,107",,,,,,,,2024-12-01,Atradius EUR,BayWa,EUR,0,0,,,,,,,,,,,,,,,,,,,,,,,,,,,,
2027-11-01,DNB EUR,TenneT,EUR,900,"10,107",,,,,,,,2025-01-01,Atradius EUR,BayWa,EUR,0,0,,,,,,,,,,,,,,,,,,,,,,,,,,,,
2027-12-01,DNB EUR,TenneT,EUR,900,"10,107",,,,,,,,2025-02-01,Atradius EUR,BayWa,EUR,150,"1,685",,,,,,,,,,,,,,,,,,,,,,,,,,,,
2026-01-01,Atradius EUR,TransnetBW,EUR,195,"2,190",,,,,,,,2025-03-01,Atradius EUR,BayWa,EUR,150,"1,685",,,,,,,,,,,,,,,,,,,,,,,,,,,,
2026-02-01,Atradius EUR,TransnetBW,EUR,195,"2,190",,,,,,,,2025-04-01,Atradius EUR,BayWa,EUR,150,"1,685",,,,,,,,,,,,,,,,,,,,,,,,,,,,
2026-03-01,Atradius EUR,TransnetBW,EUR,195,"2,190",,,,,,,,2025-05-01,Atradius EUR,BayWa,EUR,150,"1,685",,,,,,,,,,,,,,,,,,,,,,,,,,,,
2026-04-01,Atradius EUR,TransnetBW,EUR,195,"2,190",,,,,,,,2025-06-01,Atradius EUR,BayWa,EUR,150,"1,685",,,,,,,,,,,,,,,,,,,,,,,,,,,,
2026-05-01,Atradius EUR,TransnetBW,EUR,195,"2,190",,,,,,,,2025-07-01,Atradius EUR,BayWa,EUR,150,"1,685",,,,,,,,,,,,,,,,,,,,,,,,,,,,
2026-06-01,DNB EUR,TransnetBW,EUR,260,"2,920",,,,,,,,2025-08-01,Atradius EUR,BayWa,EUR,150,"1,685",,,,,,,,,,,,,,,,,,,,,,,,,,,,
2026-07-01,DNB EUR,TransnetBW,EUR,260,"2,920",,,,,,,,2025-09-01,Atradius EUR,BayWa,EUR,150,"1,685",,,,,,,,,,,,,,,,,,,,,,,,,,,,
2026-08-01,DNB EUR,TransnetBW,EUR,260,"2,920",,,,,,,,2025-10-01,Atradius EUR,BayWa,EUR,150,"1,685",,,,,,,,,,,,,,,,,,,,,,,,,,,,
2026-09-01,DNB EUR,TransnetBW,EUR,260,"2,920",,,,,,,,2025-11-01,Atradius EUR,BayWa,EUR,150,"1,685",,,,,,,,,,,,,,,,,,,,,,,,,,,,
2026-10-01,DNB EUR,TransnetBW,EUR,260,"2,920",,,,,,,,2025-12-01,Atradius EUR,BayWa,EUR,150,"1,685",,,,,,,,,,,,,,,,,,,,,,,,,,,,
2026-11-01,DNB EUR,TransnetBW,EUR,260,"2,920",,,,,,,,2026-01-01,Atradius EUR,BayWa,EUR,150,"1,685",,,,,,,,,,,,,,,,,,,,,,,,,,,,
2026-12-01,DNB EUR,TransnetBW,EUR,260,"2,920",,,,,,,,2026-02-01,Atradius EUR,BayWa,EUR,150,"1,685",,,,,,,,,,,,,,,,,,,,,,,,,,,,
2027-01-01,DNB EUR,TransnetBW,EUR,260,"2,920",,,,,,,,2026-03-01,Atradius EUR,BayWa,EUR,150,"1,685",,,,,,,,,,,,,,,,,,,,,,,,,,,,
2027-02-01,DNB EUR,TransnetBW,EUR,260,"2,920",,,,,,,,2026-04-01,Atradius EUR,BayWa,EUR,150,"1,685",,,,,,,,,,,,,,,,,,,,,,,,,,,,
2027-03-01,DNB EUR,TransnetBW,EUR,260,"2,920",,,,,,,,2026-05-01,Atradius EUR,BayWa,EUR,150,"1,685",,,,,,,,,,,,,,,,,,,,,,,,,,,,
2027-04-01,DNB EUR,TransnetBW,EUR,260,"2,920",,,,,,,,2026-06-01,Atradius EUR,BayWa,EUR,150,"1,685",,,,,,,,,,,,,,,,,,,,,,,,,,,,
2027-05-01,DNB EUR,TransnetBW,EUR,260,"2,920",,,,,,,,2026-07-01,Atradius EUR,BayWa,EUR,150,"1,685",,,,,,,,,,,,,,,,,,,,,,,,,,,,
2027-06-01,DNB EUR,TransnetBW,EUR,260,"2,920",,,,,,,,2026-08-01,DNB EUR,BayWa,EUR,750,"8,423",,,,,,,,,,,,,,,,,,,,,,,,,,,,
2027-07-01,DNB EUR,TransnetBW,EUR,260,"2,920",,,,,,,,2026-09-01,DNB EUR,BayWa,EUR,750,"8,423",,,,,,,,,,,,,,,,,,,,,,,,,,,,
2027-08-01,DNB EUR,TransnetBW,EUR,260,"2,920",,,,,,,,2024-01-01,Atradius EUR,TenneT,EUR,0,0,,,,,,,,,,,,,,,,,,,,,,,,,,,,
2027-09-01,DNB EUR,TransnetBW,EUR,260,"2,920",,,,,,,,2024-02-01,Atradius EUR,TenneT,EUR,0,0,,,,,,,,,,,,,,,,,,,,,,,,,,,,
2027-10-01,DNB EUR,TransnetBW,EUR,260,"2,920",,,,,,,,2024-03-01,Atradius EUR,TenneT,EUR,0,0,,,,,,,,,,,,,,,,,,,,,,,,,,,,
2027-11-01,DNB EUR,TransnetBW,EUR,260,"2,920",,,,,,,,2024-04-01,Atradius EUR,TenneT,EUR,0,0,,,,,,,,,,,,,,,,,,,,,,,,,,,,
2027-12-01,DNB EUR,TransnetBW,EUR,260,"2,920",,,,,,,,2024-05-01,Atradius EUR,TenneT,EUR,0,0,,,,,,,,,,,,,,,,,,,,,,,,,,,,
2026-01-01,Atradius EUR,50Hertz,EUR,0,0,,,,,,,,2024-06-01,Atradius EUR,TenneT,EUR,0,0,,,,,,,,,,,,,,,,,,,,,,,,,,,,
2026-02-01,Atradius EUR,50Hertz,EUR,0,0,,,,,,,,2024-07-01,Atradius EUR,TenneT,EUR,0,0,,,,,,,,,,,,,,,,,,,,,,,,,,,,
2026-03-01,Atradius EUR,50Hertz,EUR,0,0,,,,,,,,2024-08-01,Atradius EUR,TenneT,EUR,0,0,,,,,,,,,,,,,,,,,,,,,,,,,,,,
2026-04-01,Atradius EUR,50Hertz,EUR,0,0,,,,,,,,2024-09-01,Atradius EUR,TenneT,EUR,0,0,,,,,,,,,,,,,,,,,,,,,,,,,,,,
2026-05-01,Atradius EUR,50Hertz,EUR,0,0,,,,,,,,2024-10-01,Atradius EUR,TenneT,EUR,0,0,,,,,,,,,,,,,,,,,,,,,,,,,,,,
2026-06-01,Atradius EUR,50Hertz,EUR,0,0,,,,,,,,2024-11-01,Atradius EUR,TenneT,EUR,405,"4,548",,,,,,,,,,,,,,,,,,,,,,,,,,,,
2026-07-01,Atradius EUR,50Hertz,EUR,0,0,,,,,,,,2024-12-01,Atradius EUR,TenneT,EUR,800,"8,984",,,,,,,,,,,,,,,,,,,,,,,,,,,,
2026-08-01,Atradius EUR,50Hertz,EUR,0,0,,,,,,,,2025-01-01,Atradius EUR,TenneT,EUR,800,"8,984",,,,,,,,,,,,,,,,,,,,,,,,,,,,
2026-09-01,Atradius EUR,50Hertz,EUR,0,0,,,,,,,,2025-02-01,Atradius EUR,TenneT,EUR,800,"8,984",,,,,,,,,,,,,,,,,,,,,,,,,,,,
2026-10-01,Atradius EUR,50Hertz,EUR,0,0,,,,,,,,2025-03-01,Atradius EUR,TenneT,EUR,800,"8,984",,,,,,,,,,,,,,,,,,,,,,,,,,,,
2026-11-01,Atradius EUR,50Hertz,EUR,0,0,,,,,,,,2025-04-01,Atradius EUR,TenneT,EUR,800,"8,984",,,,,,,,,,,,,,,,,,,,,,,,,,,,
2026-12-01,Atradius EUR,50Hertz,EUR,0,0,,,,,,,,2025-05-01,Atradius EUR,TenneT,EUR,800,"8,984",,,,,,,,,,,,,,,,,,,,,,,,,,,,
2027-01-01,DNB EUR,50Hertz,EUR,0,0,,,,,,,,2025-06-01,Atradius EUR,TenneT,EUR,800,"8,984",,,,,,,,,,,,,,,,,,,,,,,,,,,,
2027-02-01,DNB EUR,50Hertz,EUR,0,0,,,,,,,,2025-07-01,Atradius EUR,TenneT,EUR,800,"8,984",,,,,,,,,,,,,,,,,,,,,,,,,,,,
2027-03-01,DNB EUR,50Hertz,EUR,0,0,,,,,,,,2025-08-01,Atradius EUR,TenneT,EUR,900,"10,107",,,,,,,,,,,,,,,,,,,,,,,,,,,,
2027-04-01,DNB EUR,50Hertz,EUR,0,0,,,,,,,,2025-09-01,Atradius EUR,TenneT,EUR,900,"10,107",,,,,,,,,,,,,,,,,,,,,,,,,,,,
2027-05-01,DNB EUR,50Hertz,EUR,0,0,,,,,,,,2025-10-01,Atradius EUR,TenneT,EUR,900,"10,107",,,,,,,,,,,,,,,,,,,,,,,,,,,,
2027-06-01,DNB EUR,50Hertz,EUR,0,0,,,,,,,,2025-11-01,Atradius EUR,TenneT,EUR,900,"10,107",,,,,,,,,,,,,,,,,,,,,,,,,,,,
2027-07-01,DNB EUR,50Hertz,EUR,0,0,,,,,,,,2025-12-01,Atradius EUR,TenneT,EUR,900,"10,107",,,,,,,,,,,,,,,,,,,,,,,,,,,,
2027-08-01,DNB EUR,50Hertz,EUR,0,0,,,,,,,,2026-01-01,Atradius EUR,TenneT,EUR,900,"10,107",,,,,,,,,,,,,,,,,,,,,,,,,,,,
2027-09-01,DNB EUR,50Hertz,EUR,0,0,,,,,,,,2026-02-01,Atradius EUR,TenneT,EUR,900,"10,107",,,,,,,,,,,,,,,,,,,,,,,,,,,,
2027-10-01,DNB EUR,50Hertz,EUR,0,0,,,,,,,,2026-03-01,Atradius EUR,TenneT,EUR,900,"10,107",,,,,,,,,,,,,,,,,,,,,,,,,,,,
2027-11-01,DNB EUR,50Hertz,EUR,0,0,,,,,,,,2026-04-01,Atradius EUR,TenneT,EUR,900,"10,107",,,,,,,,,,,,,,,,,,,,,,,,,,,,
2027-12-01,DNB EUR,50Hertz,EUR,0,0,,,,,,,,2026-05-01,Atradius EUR,TenneT,EUR,900,"10,107",,,,,,,,,,,,,,,,,,,,,,,,,,,,
2026-01-01,Atradius EUR,Amprion,EUR,504,"5,660",,,,,,,,2026-06-01,Atradius EUR,TenneT,EUR,900,"10,107",,,,,,,,,,,,,,,,,,,,,,,,,,,,
2026-02-01,Atradius EUR,Amprion,EUR,504,"5,660",,,,,,,,2026-07-01,Atradius EUR,TenneT,EUR,900,"10,107",,,,,,,,,,,,,,,,,,,,,,,,,,,,
2026-03-01,Atradius EUR,Amprion,EUR,504,"5,660",,,,,,,,2026-08-01,Atradius EUR,TenneT,EUR,900,"10,107",,,,,,,,,,,,,,,,,,,,,,,,,,,,
2026-04-01,DNB EUR,Amprion,EUR,598,"6,716",,,,,,,,2026-09-01,Atradius EUR,TenneT,EUR,900,"10,107",,,,,,,,,,,,,,,,,,,,,,,,,,,,
2026-05-01,DNB EUR,Amprion,EUR,598,"6,716",,,,,,,,2024-01-01,Atradius EUR,TransnetBW,EUR,0,0,,,,,,,,,,,,,,,,,,,,,,,,,,,,
2026-06-01,DNB EUR,Amprion,EUR,598,"6,716",,,,,,,,2024-02-01,Atradius EUR,TransnetBW,EUR,0,0,,,,,,,,,,,,,,,,,,,,,,,,,,,,
2026-07-01,DNB EUR,Amprion,EUR,598,"6,716",,,,,,,,2024-03-01,Atradius EUR,TransnetBW,EUR,0,0,,,,,,,,,,,,,,,,,,,,,,,,,,,,
2026-08-01,DNB EUR,Amprion,EUR,598,"6,716",,,,,,,,2024-04-01,Atradius EUR,TransnetBW,EUR,0,0,,,,,,,,,,,,,,,,,,,,,,,,,,,,
2026-09-01,DNB EUR,Amprion,EUR,598,"6,716",,,,,,,,2024-05-01,Atradius EUR,TransnetBW,EUR,0,0,,,,,,,,,,,,,,,,,,,,,,,,,,,,
2026-10-01,DNB EUR,Amprion,EUR,598,"6,716",,,,,,,,2024-06-01,Atradius EUR,TransnetBW,EUR,0,0,,,,,,,,,,,,,,,,,,,,,,,,,,,,
2026-11-01,DNB EUR,Amprion,EUR,598,"6,716",,,,,,,,2024-07-01,Atradius EUR,TransnetBW,EUR,0,0,,,,,,,,,,,,,,,,,,,,,,,,,,,,
2026-12-01,DNB EUR,Amprion,EUR,598,"6,716",,,,,,,,2024-08-01,Atradius EUR,TransnetBW,EUR,0,0,,,,,,,,,,,,,,,,,,,,,,,,,,,,
2027-01-01,DNB EUR,Amprion,EUR,598,"6,716",,,,,,,,2024-09-01,Atradius EUR,TransnetBW,EUR,0,0,,,,,,,,,,,,,,,,,,,,,,,,,,,,
2027-02-01,DNB EUR,Amprion,EUR,598,"6,716",,,,,,,,2024-10-01,Atradius EUR,TransnetBW,EUR,0,0,,,,,,,,,,,,,,,,,,,,,,,,,,,,
2027-03-01,DNB EUR,Amprion,EUR,598,"6,716",,,,,,,,2024-11-01,Atradius EUR,TransnetBW,EUR,125,"1,404",,,,,,,,,,,,,,,,,,,,,,,,,,,,
2027-04-01,DNB EUR,Amprion,EUR,598,"6,716",,,,,,,,2024-12-01,Atradius EUR,TransnetBW,EUR,196,"2,195",,,,,,,,,,,,,,,,,,,,,,,,,,,,
2027-05-01,DNB EUR,Amprion,EUR,598,"6,716",,,,,,,,2025-01-01,Atradius EUR,TransnetBW,EUR,196,"2,195",,,,,,,,,,,,,,,,,,,,,,,,,,,,
2027-06-01,DNB EUR,Amprion,EUR,598,"6,716",,,,,,,,2025-02-01,Atradius EUR,TransnetBW,EUR,196,"2,195",,,,,,,,,,,,,,,,,,,,,,,,,,,,
2027-07-01,DNB EUR,Amprion,EUR,598,"6,716",,,,,,,,2025-03-01,Atradius EUR,TransnetBW,EUR,196,"2,195",,,,,,,,,,,,,,,,,,,,,,,,,,,,
2027-08-01,DNB EUR,Amprion,EUR,598,"6,716",,,,,,,,2025-04-01,Atradius EUR,TransnetBW,EUR,196,"2,195",,,,,,,,,,,,,,,,,,,,,,,,,,,,
2027-09-01,DNB EUR,Amprion,EUR,598,"6,716",,,,,,,,2025-05-01,Atradius EUR,TransnetBW,EUR,196,"2,195",,,,,,,,,,,,,,,,,,,,,,,,,,,,
2027-10-01,DNB EUR,Amprion,EUR,598,"6,716",,,,,,,,2025-06-01,Atradius EUR,TransnetBW,EUR,196,"2,195",,,,,,,,,,,,,,,,,,,,,,,,,,,,
2027-11-01,DNB EUR,Amprion,EUR,598,"6,716",,,,,,,,2025-07-01,Atradius EUR,TransnetBW,EUR,196,"2,195",,,,,,,,,,,,,,,,,,,,,,,,,,,,
2027-12-01,DNB EUR,Amprion,EUR,598,"6,716",,,,,,,,2025-08-01,Atradius EUR,TransnetBW,EUR,196,"2,195",,,,,,,,,,,,,,,,,,,,,,,,,,,,
2026-01-01,DNB EUR,Libra Energy,EUR,,0,,,,,,,,2025-09-01,Atradius EUR,TransnetBW,EUR,196,"2,195",,,,,,,,,,,,,,,,,,,,,,,,,,,,
2026-02-01,DNB EUR,Libra Energy,EUR,,0,,,,,,,,2025-10-01,Atradius EUR,TransnetBW,EUR,196,"2,195",,,,,,,,,,,,,,,,,,,,,,,,,,,,
2026-03-01,DNB EUR,Libra Energy,EUR,,0,,,,,,,,2025-11-01,Atradius EUR,TransnetBW,EUR,196,"2,195",,,,,,,,,,,,,,,,,,,,,,,,,,,,
2026-04-01,DNB EUR,Libra Energy,EUR,,0,,,,,,,,2025-12-01,Atradius EUR,TransnetBW,EUR,196,"2,195",,,,,,,,,,,,,,,,,,,,,,,,,,,,
2026-05-01,DNB EUR,Libra Energy,EUR,,0,,,,,,,,2026-01-01,Atradius EUR,TransnetBW,EUR,195,"2,190",,,,,,,,,,,,,,,,,,,,,,,,,,,,
2026-06-01,DNB EUR,Libra Energy,EUR,,0,,,,,,,,2026-02-01,Atradius EUR,TransnetBW,EUR,195,"2,190",,,,,,,,,,,,,,,,,,,,,,,,,,,,
2026-07-01,DNB EUR,Libra Energy,EUR,100,"1,123",,,,,,,,2026-03-01,Atradius EUR,TransnetBW,EUR,195,"2,190",,,,,,,,,,,,,,,,,,,,,,,,,,,,
2026-08-01,DNB EUR,Libra Energy,EUR,100,"1,123",,,,,,,,2026-04-01,Atradius EUR,TransnetBW,EUR,195,"2,190",,,,,,,,,,,,,,,,,,,,,,,,,,,,
2026-09-01,DNB EUR,Libra Energy,EUR,100,"1,123",,,,,,,,2026-05-01,Atradius EUR,TransnetBW,EUR,195,"2,190",,,,,,,,,,,,,,,,,,,,,,,,,,,,
2026-10-01,DNB EUR,Libra Energy,EUR,100,"1,123",,,,,,,,2026-06-01,DNB EUR,TransnetBW,EUR,260,"2,920",,,,,,,,,,,,,,,,,,,,,,,,,,,,
2026-11-01,DNB EUR,Libra Energy,EUR,100,"1,123",,,,,,,,2026-07-01,DNB EUR,TransnetBW,EUR,260,"2,920",,,,,,,,,,,,,,,,,,,,,,,,,,,,
2026-12-01,DNB EUR,Libra Energy,EUR,100,"1,123",,,,,,,,2026-08-01,DNB EUR,TransnetBW,EUR,260,"2,920",,,,,,,,,,,,,,,,,,,,,,,,,,,,
2027-01-01,DNB EUR,Libra Energy,EUR,100,"1,123",,,,,,,,2026-09-01,DNB EUR,TransnetBW,EUR,260,"2,920",,,,,,,,,,,,,,,,,,,,,,,,,,,,
2027-02-01,DNB EUR,Libra Energy,EUR,100,"1,123",,,,,,,,2024-01-01,Atradius EUR,50Hertz,EUR,0,0,,,,,,,,,,,,,,,,,,,,,,,,,,,,
2027-03-01,DNB EUR,Libra Energy,EUR,100,"1,123",,,,,,,,2024-02-01,Atradius EUR,50Hertz,EUR,0,0,,,,,,,,,,,,,,,,,,,,,,,,,,,,
2027-04-01,DNB EUR,Libra Energy,EUR,100,"1,123",,,,,,,,2024-03-01,Atradius EUR,50Hertz,EUR,0,0,,,,,,,,,,,,,,,,,,,,,,,,,,,,
2027-05-01,DNB EUR,Libra Energy,EUR,100,"1,123",,,,,,,,2024-04-01,Atradius EUR,50Hertz,EUR,0,0,,,,,,,,,,,,,,,,,,,,,,,,,,,,
2027-06-01,DNB EUR,Libra Energy,EUR,100,"1,123",,,,,,,,2024-05-01,Atradius EUR,50Hertz,EUR,0,0,,,,,,,,,,,,,,,,,,,,,,,,,,,,
2027-07-01,DNB EUR,Libra Energy,EUR,100,"1,123",,,,,,,,2024-06-01,Atradius EUR,50Hertz,EUR,0,0,,,,,,,,,,,,,,,,,,,,,,,,,,,,
2027-08-01,DNB EUR,Libra Energy,EUR,100,"1,123",,,,,,,,2024-07-01,Atradius EUR,50Hertz,EUR,0,0,,,,,,,,,,,,,,,,,,,,,,,,,,,,
2027-09-01,DNB EUR,Libra Energy,EUR,100,"1,123",,,,,,,,2024-08-01,Atradius EUR,50Hertz,EUR,0,0,,,,,,,,,,,,,,,,,,,,,,,,,,,,
2027-10-01,DNB EUR,Libra Energy,EUR,100,"1,123",,,,,,,,2024-09-01,Atradius EUR,50Hertz,EUR,0,0,,,,,,,,,,,,,,,,,,,,,,,,,,,,
2027-11-01,DNB EUR,Libra Energy,EUR,100,"1,123",,,,,,,,2024-10-01,Atradius EUR,50Hertz,EUR,0,0,,,,,,,,,,,,,,,,,,,,,,,,,,,,
2027-12-01,DNB EUR,Libra Energy,EUR,100,"1,123",,,,,,,,2024-11-01,Atradius EUR,50Hertz,EUR,0,0,,,,,,,,,,,,,,,,,,,,,,,,,,,,
2026-01-01,Cash collateral,BNP SEPA,EUR,"1,960","22,011",,,,,,,,2024-12-01,Atradius EUR,50Hertz,EUR,0,0,,,,,,,,,,,,,,,,,,,,,,,,,,,,
2026-02-01,Cash collateral,BNP SEPA,EUR,"1,960","22,011",,,,,,,,2025-01-01,Atradius EUR,50Hertz,EUR,0,0,,,,,,,,,,,,,,,,,,,,,,,,,,,,
2026-03-01,Cash collateral,BNP SEPA,EUR,"1,960","22,011",,,,,,,,2025-02-01,Atradius EUR,50Hertz,EUR,0,0,,,,,,,,,,,,,,,,,,,,,,,,,,,,
2026-04-01,Cash collateral,BNP SEPA,EUR,"1,960","22,011",,,,,,,,2025-03-01,Atradius EUR,50Hertz,EUR,0,0,,,,,,,,,,,,,,,,,,,,,,,,,,,,
2026-05-01,Cash collateral,BNP SEPA,EUR,"1,960","22,011",,,,,,,,2025-04-01,Atradius EUR,50Hertz,EUR,0,0,,,,,,,,,,,,,,,,,,,,,,,,,,,,
2026-06-01,Cash collateral,BNP SEPA,EUR,"1,960","22,011",,,,,,,,2025-05-01,Atradius EUR,50Hertz,EUR,0,0,,,,,,,,,,,,,,,,,,,,,,,,,,,,
2026-07-01,Cash collateral,BNP SEPA,EUR,"1,960","22,011",,,,,,,,2025-06-01,Atradius EUR,50Hertz,EUR,0,0,,,,,,,,,,,,,,,,,,,,,,,,,,,,
2026-08-01,Cash collateral,BNP SEPA,EUR,"1,960","22,011",,,,,,,,2025-07-01,Atradius EUR,50Hertz,EUR,0,0,,,,,,,,,,,,,,,,,,,,,,,,,,,,
2026-09-01,Cash collateral,BNP SEPA,EUR,"1,960","22,011",,,,,,,,2025-08-01,Atradius EUR,50Hertz,EUR,0,0,,,,,,,,,,,,,,,,,,,,,,,,,,,,
2026-10-01,Cash collateral,BNP SEPA,EUR,"1,960","22,011",,,,,,,,2025-09-01,Atradius EUR,50Hertz,EUR,0,0,,,,,,,,,,,,,,,,,,,,,,,,,,,,
2026-11-01,Cash collateral,BNP SEPA,EUR,"1,960","22,011",,,,,,,,2025-10-01,Atradius EUR,50Hertz,EUR,0,0,,,,,,,,,,,,,,,,,,,,,,,,,,,,
2026-12-01,Cash collateral,BNP SEPA,EUR,"1,960","22,011",,,,,,,,2025-11-01,Atradius EUR,50Hertz,EUR,0,0,,,,,,,,,,,,,,,,,,,,,,,,,,,,
2027-01-01,Cash collateral,BNP SEPA,EUR,"1,960","22,011",,,,,,,,2025-12-01,Atradius EUR,50Hertz,EUR,0,0,,,,,,,,,,,,,,,,,,,,,,,,,,,,
2027-02-01,Cash collateral,BNP SEPA,EUR,"1,960","22,011",,,,,,,,2026-01-01,Atradius EUR,50Hertz,EUR,0,0,,,,,,,,,,,,,,,,,,,,,,,,,,,,
2027-03-01,Cash collateral,BNP SEPA,EUR,"1,960","22,011",,,,,,,,2026-02-01,Atradius EUR,50Hertz,EUR,0,0,,,,,,,,,,,,,,,,,,,,,,,,,,,,
2027-04-01,Cash collateral,BNP SEPA,EUR,"1,960","22,011",,,,,,,,2026-03-01,Atradius EUR,50Hertz,EUR,0,0,,,,,,,,,,,,,,,,,,,,,,,,,,,,
2027-05-01,Cash collateral,BNP SEPA,EUR,"1,960","22,011",,,,,,,,2026-04-01,Atradius EUR,50Hertz,EUR,0,0,,,,,,,,,,,,,,,,,,,,,,,,,,,,
2027-06-01,Cash collateral,BNP SEPA,EUR,"1,960","22,011",,,,,,,,2026-05-01,Atradius EUR,50Hertz,EUR,0,0,,,,,,,,,,,,,,,,,,,,,,,,,,,,
2027-07-01,Cash collateral,BNP SEPA,EUR,"1,960","22,011",,,,,,,,2026-06-01,Atradius EUR,50Hertz,EUR,0,0,,,,,,,,,,,,,,,,,,,,,,,,,,,,
2027-08-01,Cash collateral,BNP SEPA,EUR,"1,960","22,011",,,,,,,,2026-07-01,Atradius EUR,50Hertz,EUR,0,0,,,,,,,,,,,,,,,,,,,,,,,,,,,,
2027-09-01,Cash collateral,BNP SEPA,EUR,"1,960","22,011",,,,,,,,2026-08-01,Atradius EUR,50Hertz,EUR,0,0,,,,,,,,,,,,,,,,,,,,,,,,,,,,
2027-10-01,Cash collateral,BNP SEPA,EUR,"1,960","22,011",,,,,,,,2026-09-01,Atradius EUR,50Hertz,EUR,0,0,,,,,,,,,,,,,,,,,,,,,,,,,,,,
2027-11-01,Cash collateral,BNP SEPA,EUR,"1,960","22,011",,,,,,,,2024-01-01,Atradius EUR,Amprion,EUR,0,0,,,,,,,,,,,,,,,,,,,,,,,,,,,,
2027-12-01,Cash collateral,BNP SEPA,EUR,"1,960","22,011",,,,,,,,2024-02-01,Atradius EUR,Amprion,EUR,0,0,,,,,,,,,,,,,,,,,,,,,,,,,,,,
2026-01-01,Cash collateral,PVNED,EUR,"1,560","17,521",,,,,,,,2024-03-01,Atradius EUR,Amprion,EUR,0,0,,,,,,,,,,,,,,,,,,,,,,,,,,,,
2026-02-01,Cash collateral,PVNED,EUR,"1,157","12,994",,,,,,,,2024-04-01,Atradius EUR,Amprion,EUR,0,0,,,,,,,,,,,,,,,,,,,,,,,,,,,,
2026-03-01,Cash collateral,PVNED,EUR,790,"8,873",,,,,,,,2024-05-01,Atradius EUR,Amprion,EUR,0,0,,,,,,,,,,,,,,,,,,,,,,,,,,,,
2026-04-01,Cash collateral,PVNED,EUR,783,"8,789",,,,,,,,2024-06-01,Atradius EUR,Amprion,EUR,0,0,,,,,,,,,,,,,,,,,,,,,,,,,,,,
2026-05-01,Cash collateral,PVNED,EUR,593,"6,661",,,,,,,,2024-07-01,Atradius EUR,Amprion,EUR,0,0,,,,,,,,,,,,,,,,,,,,,,,,,,,,
2026-06-01,Cash collateral,PVNED,EUR,496,"5,574",,,,,,,,2024-08-01,Atradius EUR,Amprion,EUR,0,0,,,,,,,,,,,,,,,,,,,,,,,,,,,,
2026-07-01,Cash collateral,PVNED,EUR,537,"6,029",,,,,,,,2024-09-01,Atradius EUR,Amprion,EUR,0,0,,,,,,,,,,,,,,,,,,,,,,,,,,,,
2026-08-01,Cash collateral,PVNED,EUR,657,"7,377",,,,,,,,2024-10-01,Atradius EUR,Amprion,EUR,0,0,,,,,,,,,,,,,,,,,,,,,,,,,,,,
2026-09-01,Cash collateral,PVNED,EUR,"1,066","11,970",,,,,,,,2024-11-01,Atradius EUR,Amprion,EUR,0,0,,,,,,,,,,,,,,,,,,,,,,,,,,,,
2026-10-01,Cash collateral,PVNED,EUR,"1,615","18,132",,,,,,,,2024-12-01,Atradius EUR,Amprion,EUR,0,0,,,,,,,,,,,,,,,,,,,,,,,,,,,,
2026-11-01,Cash collateral,PVNED,EUR,"2,596","29,148",,,,,,,,2025-01-01,Atradius EUR,Amprion,EUR,0,0,,,,,,,,,,,,,,,,,,,,,,,,,,,,
2026-12-01,Cash collateral,PVNED,EUR,"3,046","34,202",,,,,,,,2025-02-01,Atradius EUR,Amprion,EUR,0,0,,,,,,,,,,,,,,,,,,,,,,,,,,,,
2027-01-01,Cash collateral,PVNED,EUR,"3,054","34,298",,,,,,,,2025-03-01,Atradius EUR,Amprion,EUR,0,0,,,,,,,,,,,,,,,,,,,,,,,,,,,,
2027-02-01,Cash collateral,PVNED,EUR,"2,831","31,792",,,,,,,,2025-04-01,Atradius EUR,Amprion,EUR,0,0,,,,,,,,,,,,,,,,,,,,,,,,,,,,
2027-03-01,Cash collateral,PVNED,EUR,"2,431","27,297",,,,,,,,2025-05-01,Atradius EUR,Amprion,EUR,0,0,,,,,,,,,,,,,,,,,,,,,,,,,,,,
2027-04-01,Cash collateral,PVNED,EUR,"1,199","13,467",,,,,,,,2025-06-01,Atradius EUR,Amprion,EUR,504,"5,660",,,,,,,,,,,,,,,,,,,,,,,,,,,,
2027-05-01,Cash collateral,PVNED,EUR,906,"10,176",,,,,,,,2025-07-01,Atradius EUR,Amprion,EUR,504,"5,660",,,,,,,,,,,,,,,,,,,,,,,,,,,,
2027-06-01,Cash collateral,PVNED,EUR,806,"9,052",,,,,,,,2025-08-01,Atradius EUR,Amprion,EUR,504,"5,660",,,,,,,,,,,,,,,,,,,,,,,,,,,,
2027-07-01,Cash collateral,PVNED,EUR,794,"8,914",,,,,,,,2025-09-01,Atradius EUR,Amprion,EUR,504,"5,660",,,,,,,,,,,,,,,,,,,,,,,,,,,,
2027-08-01,Cash collateral,PVNED,EUR,974,"10,933",,,,,,,,2025-10-01,Atradius EUR,Amprion,EUR,504,"5,660",,,,,,,,,,,,,,,,,,,,,,,,,,,,
2027-09-01,Cash collateral,PVNED,EUR,"1,130","12,688",,,,,,,,2025-11-01,Atradius EUR,Amprion,EUR,504,"5,660",,,,,,,,,,,,,,,,,,,,,,,,,,,,
2027-10-01,Cash collateral,PVNED,EUR,"1,567","17,598",,,,,,,,2025-12-01,Atradius EUR,Amprion,EUR,504,"5,660",,,,,,,,,,,,,,,,,,,,,,,,,,,,
2027-11-01,Cash collateral,PVNED,EUR,"2,144","24,078",,,,,,,,2026-01-01,Atradius EUR,Amprion,EUR,504,"5,660",,,,,,,,,,,,,,,,,,,,,,,,,,,,
2027-12-01,Cash collateral,PVNED,EUR,"2,475","27,789",,,,,,,,2026-02-01,Atradius EUR,Amprion,EUR,504,"5,660",,,,,,,,,,,,,,,,,,,,,,,,,,,,
,,,,,,,,,,,,,2026-03-01,Atradius EUR,Amprion,EUR,504,"5,660",,,,,,,,,,,,,,,,,,,,,,,,,,,,
,,,,,,,,,,,,,2026-04-01,DNB EUR,Amprion,EUR,598,"6,716",,,,,,,,,,,,,,,,,,,,,,,,,,,,
,,,,,,,,,,,,,2026-05-01,DNB EUR,Amprion,EUR,598,"6,716",,,,,,,,,,,,,,,,,,,,,,,,,,,,
,,,,,,,,,,,,,2026-06-01,DNB EUR,Amprion,EUR,598,"6,716",,,,,,,,,,,,,,,,,,,,,,,,,,,,
,,,,,,,,,,,,,2026-07-01,DNB EUR,Amprion,EUR,598,"6,716",,,,,,,,,,,,,,,,,,,,,,,,,,,,
,,,,,,,,,,,,,2026-08-01,DNB EUR,Amprion,EUR,598,"6,716",,,,,,,,,,,,,,,,,,,,,,,,,,,,
,,,,,,,,,,,,,2026-09-01,DNB EUR,Amprion,EUR,598,"6,716",,,,,,,,,,,,,,,,,,,,,,,,,,,,
,,,,,,,,,,,,,2024-01-01,DNB EUR,Libra Energy,EUR,,0,,,,,,,,,,,,,,,,,,,,,,,,,,,,
,,,,,,,,,,,,,2024-02-01,DNB EUR,Libra Energy,EUR,,0,,,,,,,,,,,,,,,,,,,,,,,,,,,,
,,,,,,,,,,,,,2024-03-01,DNB EUR,Libra Energy,EUR,,0,,,,,,,,,,,,,,,,,,,,,,,,,,,,
,,,,,,,,,,,,,2024-04-01,DNB EUR,Libra Energy,EUR,,0,,,,,,,,,,,,,,,,,,,,,,,,,,,,
,,,,,,,,,,,,,2024-05-01,DNB EUR,Libra Energy,EUR,,0,,,,,,,,,,,,,,,,,,,,,,,,,,,,
,,,,,,,,,,,,,2024-06-01,DNB EUR,Libra Energy,EUR,,0,,,,,,,,,,,,,,,,,,,,,,,,,,,,
,,,,,,,,,,,,,2024-07-01,DNB EUR,Libra Energy,EUR,,0,,,,,,,,,,,,,,,,,,,,,,,,,,,,
,,,,,,,,,,,,,2024-08-01,DNB EUR,Libra Energy,EUR,,0,,,,,,,,,,,,,,,,,,,,,,,,,,,,
,,,,,,,,,,,,,2024-09-01,DNB EUR,Libra Energy,EUR,,0,,,,,,,,,,,,,,,,,,,,,,,,,,,,
,,,,,,,,,,,,,2024-10-01,DNB EUR,Libra Energy,EUR,,0,,,,,,,,,,,,,,,,,,,,,,,,,,,,
,,,,,,,,,,,,,2024-11-01,DNB EUR,Libra Energy,EUR,,0,,,,,,,,,,,,,,,,,,,,,,,,,,,,
,,,,,,,,,,,,,2024-12-01,DNB EUR,Libra Energy,EUR,,0,,,,,,,,,,,,,,,,,,,,,,,,,,,,
,,,,,,,,,,,,,2025-01-01,DNB EUR,Libra Energy,EUR,,0,,,,,,,,,,,,,,,,,,,,,,,,,,,,
,,,,,,,,,,,,,2025-02-01,DNB EUR,Libra Energy,EUR,,0,,,,,,,,,,,,,,,,,,,,,,,,,,,,
,,,,,,,,,,,,,2025-03-01,DNB EUR,Libra Energy,EUR,,0,,,,,,,,,,,,,,,,,,,,,,,,,,,,
,,,,,,,,,,,,,2025-04-01,DNB EUR,Libra Energy,EUR,,0,,,,,,,,,,,,,,,,,,,,,,,,,,,,
,,,,,,,,,,,,,2025-05-01,DNB EUR,Libra Energy,EUR,,0,,,,,,,,,,,,,,,,,,,,,,,,,,,,
,,,,,,,,,,,,,2025-06-01,DNB EUR,Libra Energy,EUR,,0,,,,,,,,,,,,,,,,,,,,,,,,,,,,
,,,,,,,,,,,,,2025-07-01,DNB EUR,Libra Energy,EUR,,0,,,,,,,,,,,,,,,,,,,,,,,,,,,,
,,,,,,,,,,,,,2025-08-01,DNB EUR,Libra Energy,EUR,,0,,,,,,,,,,,,,,,,,,,,,,,,,,,,
,,,,,,,,,,,,,2025-09-01,DNB EUR,Libra Energy,EUR,,0,,,,,,,,,,,,,,,,,,,,,,,,,,,,
,,,,,,,,,,,,,2025-10-01,DNB EUR,Libra Energy,EUR,,0,,,,,,,,,,,,,,,,,,,,,,,,,,,,
,,,,,,,,,,,,,2025-11-01,DNB EUR,Libra Energy,EUR,,0,,,,,,,,,,,,,,,,,,,,,,,,,,,,
,,,,,,,,,,,,,2025-12-01,DNB EUR,Libra Energy,EUR,,0,,,,,,,,,,,,,,,,,,,,,,,,,,,,
,,,,,,,,,,,,,2026-01-01,DNB EUR,Libra Energy,EUR,,0,,,,,,,,,,,,,,,,,,,,,,,,,,,,
,,,,,,,,,,,,,2026-02-01,DNB EUR,Libra Energy,EUR,,0,,,,,,,,,,,,,,,,,,,,,,,,,,,,
,,,,,,,,,,,,,2026-03-01,DNB EUR,Libra Energy,EUR,,0,,,,,,,,,,,,,,,,,,,,,,,,,,,,
,,,,,,,,,,,,,2026-04-01,DNB EUR,Libra Energy,EUR,,0,,,,,,,,,,,,,,,,,,,,,,,,,,,,
,,,,,,,,,,,,,2026-05-01,DNB EUR,Libra Energy,EUR,,0,,,,,,,,,,,,,,,,,,,,,,,,,,,,
,,,,,,,,,,,,,2026-06-01,DNB EUR,Libra Energy,EUR,,0,,,,,,,,,,,,,,,,,,,,,,,,,,,,
,,,,,,,,,,,,,2026-07-01,DNB EUR,Libra Energy,EUR,100,"1,123",,,,,,,,,,,,,,,,,,,,,,,,,,,,
,,,,,,,,,,,,,2026-08-01,DNB EUR,Libra Energy,EUR,100,"1,123",,,,,,,,,,,,,,,,,,,,,,,,,,,,
,,,,,,,,,,,,,2026-09-01,DNB EUR,Libra Energy,EUR,100,"1,123",,,,,,,,,,,,,,,,,,,,,,,,,,,,
,,,,,,,,,,,,,2024-01-01,Cash collateral,BNP SEPA,EUR,"1,960","22,011",,,,,,,,,,,,,,,,,,,,,,,,,,,,
,,,,,,,,,,,,,2024-02-01,Cash collateral,BNP SEPA,EUR,"1,960","22,011",,,,,,,,,,,,,,,,,,,,,,,,,,,,
,,,,,,,,,,,,,2024-03-01,Cash collateral,BNP SEPA,EUR,"1,960","22,011",,,,,,,,,,,,,,,,,,,,,,,,,,,,
,,,,,,,,,,,,,2024-04-01,Cash collateral,BNP SEPA,EUR,"1,960","22,011",,,,,,,,,,,,,,,,,,,,,,,,,,,,
,,,,,,,,,,,,,2024-05-01,Cash collateral,BNP SEPA,EUR,"1,960","22,011",,,,,,,,,,,,,,,,,,,,,,,,,,,,
,,,,,,,,,,,,,2024-06-01,Cash collateral,BNP SEPA,EUR,"1,960","22,011",,,,,,,,,,,,,,,,,,,,,,,,,,,,
,,,,,,,,,,,,,2024-07-01,Cash collateral,BNP SEPA,EUR,"1,960","22,011",,,,,,,,,,,,,,,,,,,,,,,,,,,,
,,,,,,,,,,,,,2024-08-01,Cash collateral,BNP SEPA,EUR,"1,960","22,011",,,,,,,,,,,,,,,,,,,,,,,,,,,,
,,,,,,,,,,,,,2024-09-01,Cash collateral,BNP SEPA,EUR,"1,960","22,011",,,,,,,,,,,,,,,,,,,,,,,,,,,,
,,,,,,,,,,,,,2024-10-01,Cash collateral,BNP SEPA,EUR,"1,960","22,011",,,,,,,,,,,,,,,,,,,,,,,,,,,,
,,,,,,,,,,,,,2024-11-01,Cash collateral,BNP SEPA,EUR,"1,960","22,011",,,,,,,,,,,,,,,,,,,,,,,,,,,,
,,,,,,,,,,,,,2024-12-01,Cash collateral,BNP SEPA,EUR,"1,960","22,011",,,,,,,,,,,,,,,,,,,,,,,,,,,,
,,,,,,,,,,,,,2025-01-01,Cash collateral,BNP SEPA,EUR,"1,960","22,011",,,,,,,,,,,,,,,,,,,,,,,,,,,,
,,,,,,,,,,,,,2025-02-01,Cash collateral,BNP SEPA,EUR,"1,960","22,011",,,,,,,,,,,,,,,,,,,,,,,,,,,,
,,,,,,,,,,,,,2025-03-01,Cash collateral,BNP SEPA,EUR,"1,960","22,011",,,,,,,,,,,,,,,,,,,,,,,,,,,,
,,,,,,,,,,,,,2025-04-01,Cash collateral,BNP SEPA,EUR,"1,960","22,011",,,,,,,,,,,,,,,,,,,,,,,,,,,,
,,,,,,,,,,,,,2025-05-01,Cash collateral,BNP SEPA,EUR,"1,960","22,011",,,,,,,,,,,,,,,,,,,,,,,,,,,,
,,,,,,,,,,,,,2025-06-01,Cash collateral,BNP SEPA,EUR,"1,960","22,011",,,,,,,,,,,,,,,,,,,,,,,,,,,,
,,,,,,,,,,,,,2025-07-01,Cash collateral,BNP SEPA,EUR,"1,960","22,011",,,,,,,,,,,,,,,,,,,,,,,,,,,,
,,,,,,,,,,,,,2025-08-01,Cash collateral,BNP SEPA,EUR,"1,960","22,011",,,,,,,,,,,,,,,,,,,,,,,,,,,,
,,,,,,,,,,,,,2025-09-01,Cash collateral,BNP SEPA,EUR,"1,960","22,011",,,,,,,,,,,,,,,,,,,,,,,,,,,,
,,,,,,,,,,,,,2025-10-01,Cash collateral,BNP SEPA,EUR,"1,960","22,011",,,,,,,,,,,,,,,,,,,,,,,,,,,,
,,,,,,,,,,,,,2025-11-01,Cash collateral,BNP SEPA,EUR,"1,960","22,011",,,,,,,,,,,,,,,,,,,,,,,,,,,,
,,,,,,,,,,,,,2025-12-01,Cash collateral,BNP SEPA,EUR,"1,960","22,011",,,,,,,,,,,,,,,,,,,,,,,,,,,,
,,,,,,,,,,,,,2026-01-01,Cash collateral,BNP SEPA,EUR,"1,960","22,011",,,,,,,,,,,,,,,,,,,,,,,,,,,,
,,,,,,,,,,,,,2026-02-01,Cash collateral,BNP SEPA,EUR,"1,960","22,011",,,,,,,,,,,,,,,,,,,,,,,,,,,,
,,,,,,,,,,,,,2026-03-01,Cash collateral,BNP SEPA,EUR,"1,960","22,011",,,,,,,,,,,,,,,,,,,,,,,,,,,,
,,,,,,,,,,,,,2026-04-01,Cash collateral,BNP SEPA,EUR,"1,960","22,011",,,,,,,,,,,,,,,,,,,,,,,,,,,,
,,,,,,,,,,,,,2026-05-01,Cash collateral,BNP SEPA,EUR,"1,960","22,011",,,,,,,,,,,,,,,,,,,,,,,,,,,,
,,,,,,,,,,,,,2026-06-01,Cash collateral,BNP SEPA,EUR,"1,960","22,011",,,,,,,,,,,,,,,,,,,,,,,,,,,,
,,,,,,,,,,,,,2026-07-01,Cash collateral,BNP SEPA,EUR,"1,960","22,011",,,,,,,,,,,,,,,,,,,,,,,,,,,,
,,,,,,,,,,,,,2026-08-01,Cash collateral,BNP SEPA,EUR,"1,960","22,011",,,,,,,,,,,,,,,,,,,,,,,,,,,,
,,,,,,,,,,,,,2026-09-01,Cash collateral,BNP SEPA,EUR,"1,960","22,011",,,,,,,,,,,,,,,,,,,,,,,,,,,,
,,,,,,,,,,,,,2024-01-01,Cash collateral,PVNED,EUR,0,0,,,,,,,,,,,,,,,,,,,,,,,,,,,,
,,,,,,,,,,,,,2024-02-01,Cash collateral,PVNED,EUR,0,0,,,,,,,,,,,,,,,,,,,,,,,,,,,,
,,,,,,,,,,,,,2024-03-01,Cash collateral,PVNED,EUR,238,"2,669",,,,,,,,,,,,,,,,,,,,,,,,,,,,
,,,,,,,,,,,,,2024-04-01,Cash collateral,PVNED,EUR,220,"2,471",,,,,,,,,,,,,,,,,,,,,,,,,,,,
,,,,,,,,,,,,,2024-05-01,Cash collateral,PVNED,EUR,243,"2,724",,,,,,,,,,,,,,,,,,,,,,,,,,,,
,,,,,,,,,,,,,2024-06-01,Cash collateral,PVNED,EUR,210,"2,358",,,,,,,,,,,,,,,,,,,,,,,,,,,,
,,,,,,,,,,,,,2024-07-01,Cash collateral,PVNED,EUR,217,"2,437",,,,,,,,,,,,,,,,,,,,,,,,,,,,
,,,,,,,,,,,,,2024-08-01,Cash collateral,PVNED,EUR,213,"2,392",,,,,,,,,,,,,,,,,,,,,,,,,,,,
,,,,,,,,,,,,,2024-09-01,Cash collateral,PVNED,EUR,230,"2,583",,,,,,,,,,,,,,,,,,,,,,,,,,,,
,,,,,,,,,,,,,2024-10-01,Cash collateral,PVNED,EUR,309,"3,470",,,,,,,,,,,,,,,,,,,,,,,,,,,,
,,,,,,,,,,,,,2024-11-01,Cash collateral,PVNED,EUR,500,"5,615",,,,,,,,,,,,,,,,,,,,,,,,,,,,
,,,,,,,,,,,,,2024-12-01,Cash collateral,PVNED,EUR,960,"10,781",,,,,,,,,,,,,,,,,,,,,,,,,,,,
,,,,,,,,,,,,,2025-01-01,Cash collateral,PVNED,EUR,907,"10,186",,,,,,,,,,,,,,,,,,,,,,,,,,,,
,,,,,,,,,,,,,2025-02-01,Cash collateral,PVNED,EUR,779,"8,748",,,,,,,,,,,,,,,,,,,,,,,,,,,,
,,,,,,,,,,,,,2025-03-01,Cash collateral,PVNED,EUR,603,"6,772",,,,,,,,,,,,,,,,,,,,,,,,,,,,
,,,,,,,,,,,,,2025-04-01,Cash collateral,PVNED,EUR,467,"5,244",,,,,,,,,,,,,,,,,,,,,,,,,,,,
,,,,,,,,,,,,,2025-05-01,Cash collateral,PVNED,EUR,452,"5,076",,,,,,,,,,,,,,,,,,,,,,,,,,,,
,,,,,,,,,,,,,2025-06-01,Cash collateral,PVNED,EUR,421,"4,728",,,,,,,,,,,,,,,,,,,,,,,,,,,,
,,,,,,,,,,,,,2025-07-01,Cash collateral,PVNED,EUR,436,"4,896",,,,,,,,,,,,,,,,,,,,,,,,,,,,
,,,,,,,,,,,,,2025-08-01,Cash collateral,PVNED,EUR,426,"4,784",,,,,,,,,,,,,,,,,,,,,,,,,,,,
,,,,,,,,,,,,,2025-09-01,Cash collateral,PVNED,EUR,455,"5,110",,,,,,,,,,,,,,,,,,,,,,,,,,,,
,,,,,,,,,,,,,2025-10-01,Cash collateral,PVNED,EUR,482,"5,413",,,,,,,,,,,,,,,,,,,,,,,,,,,,
,,,,,,,,,,,,,2025-11-01,Cash collateral,PVNED,EUR,726,"8,153",,,,,,,,,,,,,,,,,,,,,,,,,,,,
,,,,,,,,,,,,,2025-12-01,Cash collateral,PVNED,EUR,671,"7,535",,,,,,,,,,,,,,,,,,,,,,,,,,,,
,,,,,,,,,,,,,2026-01-01,Cash collateral,PVNED,EUR,884,"9,927",,,,,,,,,,,,,,,,,,,,,,,,,,,,
,,,,,,,,,,,,,2026-02-01,Cash collateral,PVNED,EUR,902,"10,129",,,,,,,,,,,,,,,,,,,,,,,,,,,,
,,,,,,,,,,,,,2026-03-01,Cash collateral,PVNED,EUR,670,"7,524",,,,,,,,,,,,,,,,,,,,,,,,,,,,
,,,,,,,,,,,,,2026-04-01,Cash collateral,PVNED,EUR,629,"7,064",,,,,,,,,,,,,,,,,,,,,,,,,,,,
,,,,,,,,,,,,,2026-05-01,Cash collateral,PVNED,EUR,629,"7,064",,,,,,,,,,,,,,,,,,,,,,,,,,,,
,,,,,,,,,,,,,2026-06-01,Cash collateral,PVNED,EUR,412,"4,627",,,,,,,,,,,,,,,,,,,,,,,,,,,,
,,,,,,,,,,,,,2026-07-01,Cash collateral,PVNED,EUR,488,"5,480",,,,,,,,,,,,,,,,,,,,,,,,,,,,
,,,,,,,,,,,,,2026-08-01,Cash collateral,PVNED,EUR,"3,063","34,397",,,,,,,,,,,,,,,,,,,,,,,,,,,,
,,,,,,,,,,,,,2026-09-01,Cash collateral,PVNED,EUR,"3,063","34,397",,,,,,,,,,,,,,,,,,,,,,,,,,,,
,,,,,,,,,,,,,2026-05-01,Cash collateral,Skagerak,NOK,"2,500","2,500",,,,,,,,,,,,,,,,,,,,,,,,,,,,
,,,,,,,,,,,,,2026-06-01,Cash collateral,Skagerak,NOK,"15,000","15,000",,,,,,,,,,,,,,,,,,,,,,,,,,,,
,,,,,,,,,,,,,2026-07-01,Cash collateral,Skagerak,NOK,"15,000","15,000",,,,,,,,,,,,,,,,,,,,,,,,,,,,
,,,,,,,,,,,,,2026-08-01,Cash collateral,Skagerak,NOK,"15,000","15,000",,,,,,,,,,,,,,,,,,,,,,,,,,,,
,,,,,,,,,,,,,2026-09-01,Cash collateral,Skagerak,NOK,"15,000","15,000",,,,,,,,,,,,,,,,,,,,,,,,,,,,
,,,,,,,,,,,,,2026-08-01,Cash collateral,AXPO,EUR,400,"4,492",,,,,,,,,,,,,,,,,,,,,,,,,,,,
,,,,,,,,,,,,,2026-09-01,Cash collateral,AXPO,EUR,400,"4,492",,,,,,,,,,,,,,,,,,,,,,,,,,,,