Date,Week,Year,Legal Entity,Currency,Cash Flow Entity Account,Cash Flow Amount,Cash Flow Amount (NOK),,,,,,,,,Update date,KPI,Level,,Update date,Legal Entity,Supplier,Currency,Amount,Due date,,,Closing balance,
2025-09-01,36,2025,TAB,EUR,,"4,439,337.39","52,080,086.59",,,,,Opening balance,Opening balance,,,2026-09-22,Opening cash position (MNOK),#N/A,,2026-09-22,TAB,Jämtkraft AB,SEK,"-133,392,372",2026-07-01,,Date,Cash Position,Restricted Cash
2025-09-01,36,2025,TAB,NOK,,"3,661,413.64","3,661,413.64",,,Date,Week,Actual Cash Position (NOK),Forecast Cash Position (NOK),Deviation (NMOK),,2026-09-22,Budget,578.44,,2026-09-22,TAB,Jämtkraft AB,SEK,"-13,843,565",2026-07-06,,2026-01-31,,
2025-09-01,36,2025,TAB,SEK,,"-134,871,449.70","-143,683,655.30",,,2025-09-01,36,"277,794,637","243,000,000",35,,2026-09-22,Liquidity covenant (MNOK),125.00,,2026-09-22,TAB,Jämtkraft AB,EUR,"124,614",2026-07-06,,2026-02-28,,
2025-09-01,36,2025,TAB,USD,,"-857,444.45","-8,586,521.18",,,2025-09-08,37,"265,993,054","208,000,000",58,,2026-09-22,MOF line (MNOK),200.00,,2026-09-22,TAB,Jämtkraft AB,,,,,2026-03-31,,
2025-09-01,36,2025,TAS,DKK,,"229,792.31","361,179.61",,,2025-09-15,38,"216,129,719","203,000,000",13,,2026-09-22,Covenant headroom (MNOK),#N/A,,2026-09-22,TDE,Axpo Deutschland GmbH,EUR,"-2,035,488",2026-06-25,,2026-04-30,,
2025-09-01,36,2025,TAS,EUR,,"-3,645,264.30","-42,764,418.14",,,2025-09-22,39,"331,473,271","331,000,000",0,,2026-09-22,Budget variance (MNOK),#N/A,,2026-09-22,TDE,BayWa r.e.Energy Trading GmbH,EUR,"-1,067,836",2026-06-20,,2026-05-31,,
2025-09-01,36,2025,TAS,NOK,,"151,925,888.20","151,925,888.20",,,2025-09-29,40,"261,466,437","244,000,000",17,,,,,,2026-09-22,TN,Mind Energy AS,NOK,"-198,031,073",2026-06-22,,2026-06-30,,
2025-09-01,36,2025,TAS,SEK,,"75,320,254.47","80,241,515.19",,,2025-10-06,41,"163,630,129","164,000,000",0,,,,,,2026-09-22,TN,Skagerak Energitjenester AS,NOK,"-124,382,804",2026-06-22,,2026-07-31,,
2025-09-01,36,2025,TAS,USD,,"-508,634.50","-5,093,508.87",,,2025-10-13,42,"159,934,551","144,000,000",16,,,,,,,,,,,,,2026-08-31,,
2025-09-01,36,2025,TDE,EUR,,"4,949,546.72","58,065,607.35",,,2025-10-20,43,"331,883,745","257,000,000",75,,,,,,,,,,,,,2026-09-30,,
2025-09-01,36,2025,TDK,DKK,,"366,622.20","576,244.10",,,2025-10-27,44,"246,311,395","188,000,000",58,,,,,,,,,,,,,,,
2025-09-01,36,2025,TFI,EUR,,"366,722.34","4,302,203.13",,,2025-11-03,45,"179,753,085","197,000,000",-17,,,,,,,,,,,,,,,
2025-09-01,36,2025,TN,EUR,,"-558,124.87","-6,547,641.91",,,2025-11-10,46,"174,559,414","171,000,000",4,,,,,,,,,,,,,,,
2025-09-01,36,2025,TN,NOK,,"143,701,223.43","143,701,223.43",,,2025-11-17,47,"146,302,554","118,000,000",28,,,,,,,,,,,,,,,
2025-09-01,36,2025,TN,SEK,,"-16,448,797.09","-17,523,525.52",,,2025-11-24,48,"393,031,443","402,000,000",-9,,,,,,,,,,,,,,,
2025-09-01,36,2025,TN,USD,,"60,744.10","608,296.55",,,2025-12-02,49,"366,956,073","349,000,000",18,,,,,,,,,,,,,,,
2025-09-01,36,2025,TNL,EUR,,"551,527.95","6,470,250.15",,,2025-12-09,50,"218,181,966","194,000,000",24,,,,,,,,,,,,,,,
2025-09-08,37,2025,TAB,EUR,,"4,451,606.40","52,139,439.96",,,2025-12-16,51,"208,333,069","207,000,000",1,,,,,,,,,,,,,,,
2025-09-08,37,2025,TAB,NOK,,"3,441,104.64","3,441,104.64",,,2025-12-23,52,"714,046,993","785,000,000",-71,,,,,,,,,,,,,,,
2025-09-08,37,2025,TAB,SEK,,"-127,343,855.34","-135,586,101.15",,,2025-12-30,53,"562,762,072","241,000,000",322,,,,,,,,,,,,,,,
2025-09-08,37,2025,TAB,USD,,"-954,434.44","-9,531,730.37",,,2026-01-06,2,"276,767,728","304,000,000",-27,,,,,,,,,,,,,,,
2025-09-08,37,2025,TAS,DKK,,"229,792.31","360,493.23",,,2026-01-13,3,"278,435,304","240,000,000",38,,,,,,,,,,,,,,,
2025-09-08,37,2025,TAS,EUR,,"-3,773,321.08","-44,195,023.15",,,2026-01-20,4,"541,558,264","583,000,000",-41,,,,,,,,,,,,,,,
2025-09-08,37,2025,TAS,NOK,,"146,789,711.64","146,789,711.64",,,2026-01-27,5,"322,739,299","330,000,000",-7,,,,,,,,,,,,,,,
2025-09-08,37,2025,TAS,SEK,,"75,120,335.01","79,982,448.42",,,2026-02-03,6,"547,278,178","484,000,000",63,,,,,,,,,,,,,,,
2025-09-08,37,2025,TAS,USD,,"-511,198.80","-5,105,231.88",,,2026-02-10,7,"369,222,323","310,000,000",59,,,,,,,,,,,,,,,
2025-09-08,37,2025,TDE,EUR,,"3,667,443.63","42,954,933.52",,,2026-02-17,8,"364,683,544","332,000,000",33,,,,,,,,,,,,,,,
2025-09-08,37,2025,TDK,DKK,,0.00,0.00,,,2026-02-24,9,"920,729,838","480,000,000",441,,,,,,,,,,,,,,,
2025-09-08,37,2025,TFI,EUR,,"352,513.27","4,128,811.67",,,2026-03-03,10,"914,159,404","967,000,000",-53,,,,,,,,,,,,,,,
2025-09-08,37,2025,TN,EUR,,"-545,445.85","-6,388,534.52",,,2026-03-10,11,"426,372,856","331,000,000",95,,,,,,,,,,,,,,,
2025-09-08,37,2025,TN,NOK,,"146,045,988.44","146,045,988.44",,,2026-03-17,12,"442,629,994","406,000,000",37,,,,,,,,,,,,,,,
2025-09-08,37,2025,TN,SEK,,"-16,449,200.49","-17,513,863.98",,,2026-03-24,13,"912,523,213","958,000,000",-45,,,,,,,,,,,,,,,
2025-09-08,37,2025,TN,USD,,"60,744.10","606,638.19",,,2026-03-31,14,"926,503,560","839,000,000",88,,,,,,,,,,,,,,,
2025-09-08,37,2025,TNL,EUR,,"671,416.79","7,863,969.15",,,2026-04-07,15,"439,343,319","421,000,000",18,,,,,,,,,,,,,,,
2025-09-15,38,2025,TAB,EUR,,"4,484,740.04","51,827,898.27",,,2026-04-14,16,"445,327,530","457,000,000",-12,,,,,,,,,,,,,,,
2025-09-15,38,2025,TAB,NOK,,"3,434,506.24","3,434,506.24",,,2026-04-21,17,"801,835,127","859,000,000",-57,,,,,,,,,,,,,,,
2025-09-15,38,2025,TAB,SEK,,"-180,771,153.18","-191,456,887.85",,,2026-04-28,18,"470,358,779","444,000,000",26,,,,,,,,,,,,,,,
2025-09-15,38,2025,TAB,USD,,"-954,434.44","-9,374,402.18",,,2026-05-05,19,"647,792,004","560,000,000",88,,,,,,,,,,,,,,,
2025-09-15,38,2025,TAS,DKK,,"229,792.31","355,758.49",,,2026-05-11,20,"445,599,522","395,000,000",51,,,,,,,,,,,,,,,
2025-09-15,38,2025,TAS,EUR,,"-3,783,296.08","-43,721,661.15",,,2026-05-18,21,"710,140,877","738,000,000",-28,,,,,,,,,,,,,,,
2025-09-15,38,2025,TAS,NOK,,"147,391,655.24","147,391,655.24",,,2026-05-25,22,"661,856,959","629,000,000",33,,,,,,,,,,,,,,,
2025-09-15,38,2025,TAS,SEK,,"75,120,335.01","79,560,844.21",,,2026-06-01,23,"796,580,007","524,000,000",273,,,,,,,,,,,,,,,
2025-09-15,38,2025,TAS,USD,,"-553,785.80","-5,439,253.44",,,2026-06-08,24,"408,525,905","400,000,000",9,,,,,,,,,,,,,,,
2025-09-15,38,2025,TDE,EUR,,"3,812,395.83","44,057,952.41",,,2026-06-15,25,"402,245,659","424,000,000",-22,,,,,,,,,,,,,,,
2025-09-15,38,2025,TDK,DKK,,0.00,0.00,,,2026-06-22,26,"736,181,420","755,000,000",-19,,,,,,,,,,,,,,,
2025-09-15,38,2025,TFI,EUR,,"322,838.73","3,730,885.78",,,2026-06-29,27,"536,860,713","515,000,000",22,,,,,,,,,,,,,,,
2025-09-15,38,2025,TN,EUR,,"-538,302.57","-6,220,893.65",,,2026-07-06,28,"383,062,283","369,000,000",14,,,,,,,,,,,,,,,
2025-09-15,38,2025,TN,NOK,,"151,919,240.81","151,919,240.81",,,2026-07-13,29,"376,917,405","373,000,000",4,,,,,,,,,,,,,,,
2025-09-15,38,2025,TN,SEK,,"-16,449,601.23","-17,421,969.17",,,2026-07-20,30,"506,536,461","544,000,000",-37,,,,,,,,,,,,,,,
2025-09-15,38,2025,TN,USD,,"60,744.10","596,625.18",,,2026-07-27,31,"396,832,809","400,000,000",-3,,,,,,,,,,,,,,,
2025-09-15,38,2025,TNL,EUR,,"596,151.08","6,889,419.96",,,2026-08-03,32,"363,511,156","313,000,000",51,,,,,,,,,,,,,,,
2025-09-22,39,2025,TAB,EUR,,"4,521,584.04","52,913,837.23",,,2026-08-10,33,"355,402,000","283,000,000",72,,,,,,,,,,,,,,,
2025-09-22,39,2025,TAB,NOK,,"3,428,974.24","3,428,974.24",,,2026-08-17,34,"343,363,620","259,000,000",84,,,,,,,,,,,,,,,
2025-09-22,39,2025,TAB,SEK,,"-206,326,214.64","-218,519,618.70",,,2026-08-24,35,"492,105,364","322,000,000",170,,,,,,,,,,,,,,,
2025-09-22,39,2025,TAB,USD,,"-954,434.44","-9,480,747.84",,,2026-08-31,36,"397,731,878","419,000,000",-21,,,,,,,,,,,,,,,
2025-09-22,39,2025,TAS,DKK,,"229,792.31","360,306.09",,,2026-09-07,37,"288,538,429","282,000,000",7,,,,,,,,,,,,,,,
2025-09-22,39,2025,TAS,EUR,,"-4,019,923.67","-47,043,156.75",,,2026-09-14,38,"268,485,412","268,000,000",0,,,,,,,,,,,,,,,
2025-09-22,39,2025,TAS,NOK,,"141,774,722.28","141,774,722.28",,,2026-09-21,39,"583,350,600","619,000,000",-36,,,,,,,,,,,,,,,
2025-09-22,39,2025,TAS,SEK,,"75,082,585.01","79,519,792.85",,,,,,,,,,,,,,,,,,,,,,
2025-09-22,39,2025,TAS,USD,,"-553,785.80","-5,500,957.75",,,,,,,,,,,,,,,,,,,,,,
2025-09-22,39,2025,TDE,EUR,,"11,053,324.96","129,351,535.34",,,,,,,,,,,,,,,,,,,,,,
2025-09-22,39,2025,TDK,DKK,,0.00,0.00,,,,,,,,,,,,,,,,,,,,,,
2025-09-22,39,2025,TFI,EUR,,"322,440.04","3,773,354.57",,,,,,,,,,,,,,,,,,,,,,
2025-09-22,39,2025,TN,EUR,,"-543,863.33","-6,364,560.62",,,,,,,,,,,,,,,,,,,,,,
2025-09-22,39,2025,TN,NOK,,"187,008,976.54","187,008,976.54",,,,,,,,,,,,,,,,,,,,,,
2025-09-22,39,2025,TN,SEK,,"-16,450,000.26","-17,422,157.39",,,,,,,,,,,,,,,,,,,,,,
2025-09-22,39,2025,TN,USD,,"23,758.60","236,002.90",,,,,,,,,,,,,,,,,,,,,,
2025-09-22,39,2025,TNL,EUR,,"3,199,057.28","37,436,967.82",,,,,,,,,,,,,,,,,,,,,,
2025-09-29,40,2025,TAB,EUR,,"4,541,182.36","53,029,657.01",,,,,,,,,,,,,,,,,,,,,,
2025-09-29,40,2025,TAB,NOK,,"3,428,974.24","3,428,974.24",,,,,,,,,,,,,,,,,,,,,,
2025-09-29,40,2025,TAB,SEK,,"-137,275,588.51","-145,334,150.94",,,,,,,,,,,,,,,,,,,,,,
2025-09-29,40,2025,TAB,USD,,"-954,434.44","-9,507,300.33",,,,,,,,,,,,,,,,,,,,,,
2025-09-29,40,2025,TAS,DKK,,"229,792.31","359,483.39",,,,,,,,,,,,,,,,,,,,,,
2025-09-29,40,2025,TAS,EUR,,"-4,089,806.46","-47,758,714.94",,,,,,,,,,,,,,,,,,,,,,
2025-09-29,40,2025,TAS,NOK,,"145,381,529.28","145,381,529.28",,,,,,,,,,,,,,,,,,,,,,
2025-09-29,40,2025,TAS,SEK,,"74,621,585.01","79,002,135.90",,,,,,,,,,,,,,,,,,,,,,
2025-09-29,40,2025,TAS,USD,,"-561,956.66","-5,597,755.61",,,,,,,,,,,,,,,,,,,,,,
2025-09-29,40,2025,TDE,EUR,,"3,497,556.11","40,842,711.47",,,,,,,,,,,,,,,,,,,,,,
2025-09-29,40,2025,TDK,DKK,,0.00,0.00,,,,,,,,,,,,,,,,,,,,,,
2025-09-29,40,2025,TFI,EUR,,"321,231.11","3,751,176.29",,,,,,,,,,,,,,,,,,,,,,
2025-09-29,40,2025,TN,EUR,,"-540,113.26","-6,307,172.59",,,,,,,,,,,,,,,,,,,,,,
2025-09-29,40,2025,TN,NOK,,"152,016,212.07","152,016,212.07",,,,,,,,,,,,,,,,,,,,,,
2025-09-29,40,2025,TN,SEK,,"-16,450,403.33","-17,416,100.17",,,,,,,,,,,,,,,,,,,,,,
2025-09-29,40,2025,TN,USD,,"-10,155.15","-101,157.35",,,,,,,,,,,,,,,,,,,,,,
2025-09-29,40,2025,TNL,EUR,,"1,342,488.51","15,676,909.58",,,,,,,,,,,,,,,,,,,,,,
2025-10-06,41,2025,TAB,EUR,,"5,633,886.79","65,471,398.39",,,,,,,,,,,,,,,,,,,,,,
2025-10-06,41,2025,TAB,NOK,,"3,418,964.97","3,418,964.97",,,,,,,,,,,,,,,,,,,,,,
2025-10-06,41,2025,TAB,SEK,,"-193,326,884.95","-204,464,118.13",,,,,,,,,,,,,,,,,,,,,,
2025-10-06,41,2025,TAB,USD,,"-1,051,556.64","-10,464,240.21",,,,,,,,,,,,,,,,,,,,,,
2025-10-06,41,2025,TAS,DKK,,"230,412.17","358,608.20",,,,,,,,,,,,,,,,,,,,,,
2025-10-06,41,2025,TAS,EUR,,"-4,173,410.24","-48,499,200.40",,,,,,,,,,,,,,,,,,,,,,
2025-10-06,41,2025,TAS,NOK,,"142,311,650.35","142,311,650.35",,,,,,,,,,,,,,,,,,,,,,
2025-10-06,41,2025,TAS,SEK,,"71,539,907.06","75,661,199.49",,,,,,,,,,,,,,,,,,,,,,
2025-10-06,41,2025,TAS,USD,,"-567,018.12","-5,642,505.20",,,,,,,,,,,,,,,,,,,,,,
2025-10-06,41,2025,TDE,EUR,,"184,627.47","2,145,555.83",,,,,,,,,,,,,,,,,,,,,,
2025-10-06,41,2025,TDK,DKK,,-266.25,-414.39,,,,,,,,,,,,,,,,,,,,,,
2025-10-06,41,2025,TFI,EUR,,"322,762.76","3,750,826.03",,,,,,,,,,,,,,,,,,,,,,
2025-10-06,41,2025,TN,EUR,,"-536,287.15","-6,232,192.97",,,,,,,,,,,,,,,,,,,,,,
2025-10-06,41,2025,TN,NOK,,"157,099,687.40","157,099,687.40",,,,,,,,,,,,,,,,,,,,,,
2025-10-06,41,2025,TN,SEK,,"-16,513,889.01","-17,465,226.08",,,,,,,,,,,,,,,,,,,,,,
2025-10-06,41,2025,TN,USD,,"-42,161.37","-419,555.82",,,,,,,,,,,,,,,,,,,,,,
2025-10-06,41,2025,TNL,EUR,,"567,910.80","6,599,691.41",,,,,,,,,,,,,,,,,,,,,,
2025-10-13,42,2025,TAB,EUR,,"5,532,365.60","64,612,497.84",,,,,,,,,,,,,,,,,,,,,,
2025-10-13,42,2025,TAB,NOK,,"3,418,964.97","3,418,964.97",,,,,,,,,,,,,,,,,,,,,,
2025-10-13,42,2025,TAB,SEK,,"-204,240,985.09","-216,592,251.42",,,,,,,,,,,,,,,,,,,,,,
2025-10-13,42,2025,TAB,USD,,"-1,101,322.03","-11,117,935.85",,,,,,,,,,,,,,,,,,,,,,
2025-10-13,42,2025,TAS,DKK,,"230,412.17","360,330.44",,,,,,,,,,,,,,,,,,,,,,
2025-10-13,42,2025,TAS,EUR,,"-4,232,276.96","-49,428,762.62",,,,,,,,,,,,,,,,,,,,,,
2025-10-13,42,2025,TAS,NOK,,"141,767,718.16","141,767,718.16",,,,,,,,,,,,,,,,,,,,,,
2025-10-13,42,2025,TAS,SEK,,"71,393,160.06","75,710,588.97",,,,,,,,,,,,,,,,,,,,,,
2025-10-13,42,2025,TAS,USD,,"-575,203.25","-5,806,723.79",,,,,,,,,,,,,,,,,,,,,,
2025-10-13,42,2025,TDE,EUR,,"1,313,715.22","15,342,880.05",,,,,,,,,,,,,,,,,,,,,,
2025-10-13,42,2025,TDK,DKK,,0.00,0.00,,,,,,,,,,,,,,,,,,,,,,
2025-10-13,42,2025,TFI,EUR,,"318,579.62","3,720,691.38",,,,,,,,,,,,,,,,,,,,,,
2025-10-13,42,2025,TN,EUR,,"-540,791.72","-6,315,906.50",,,,,,,,,,,,,,,,,,,,,,
2025-10-13,42,2025,TN,NOK,,"157,861,520.70","157,861,520.70",,,,,,,,,,,,,,,,,,,,,,
2025-10-13,42,2025,TN,SEK,,"-16,514,290.12","-17,512,975.06",,,,,,,,,,,,,,,,,,,,,,
2025-10-13,42,2025,TN,USD,,"-42,161.37","-425,622.47",,,,,,,,,,,,,,,,,,,,,,
2025-10-13,42,2025,TNL,EUR,,"371,567.46","4,339,536.37",,,,,,,,,,,,,,,,,,,,,,
2025-10-20,43,2025,TAB,EUR,,"5,616,127.74","65,941,763.86",,,,,,,,,,,,,,,,,,,,,,
2025-10-20,43,2025,TAB,NOK,,"3,418,964.97","3,418,964.97",,,,,,,,,,,,,,,,,,,,,,
2025-10-20,43,2025,TAB,SEK,,"-200,103,431.94","-213,786,573.81",,,,,,,,,,,,,,,,,,,,,,
2025-10-20,43,2025,TAB,USD,,"-1,101,322.03","-11,094,957.20",,,,,,,,,,,,,,,,,,,,,,
2025-10-20,43,2025,TAS,DKK,,"230,412.17","362,244.19",,,,,,,,,,,,,,,,,,,,,,
2025-10-20,43,2025,TAS,EUR,,"-4,415,799.56","-51,848,110.53",,,,,,,,,,,,,,,,,,,,,,
2025-10-20,43,2025,TAS,NOK,,"141,895,508.07","141,895,508.07",,,,,,,,,,,,,,,,,,,,,,
2025-10-20,43,2025,TAS,SEK,,"71,392,535.06","76,274,381.29",,,,,,,,,,,,,,,,,,,,,,
2025-10-20,43,2025,TAS,USD,,"-575,203.25","-5,794,722.40",,,,,,,,,,,,,,,,,,,,,,
2025-10-20,43,2025,TDE,EUR,,"6,222,955.60","73,066,833.18",,,,,,,,,,,,,,,,,,,,,,
2025-10-20,43,2025,TDK,DKK,,0.00,0.00,,,,,,,,,,,,,,,,,,,,,,
2025-10-20,43,2025,TFI,EUR,,"295,842.49","3,473,634.60",,,,,,,,,,,,,,,,,,,,,,
2025-10-20,43,2025,TN,EUR,,"-536,984.53","-6,305,003.86",,,,,,,,,,,,,,,,,,,,,,
2025-10-20,43,2025,TN,NOK,,"268,850,943.40","268,850,943.40",,,,,,,,,,,,,,,,,,,,,,
2025-10-20,43,2025,TN,SEK,,"-16,514,692.41","-17,643,972.79",,,,,,,,,,,,,,,,,,,,,,
2025-10-20,43,2025,TN,USD,,"-41,710.34","-420,199.02",,,,,,,,,,,,,,,,,,,,,,
2025-10-20,43,2025,TNL,EUR,,"467,828.71","5,493,010.80",,,,,,,,,,,,,,,,,,,,,,
2025-10-27,44,2025,TAB,EUR,,"5,644,779.21","65,660,071.77",,,,,,,,,,,,,,,,,,,,,,
2025-10-27,44,2025,TAB,NOK,,"3,418,964.97","3,418,964.97",,,,,,,,,,,,,,,,,,,,,,
2025-10-27,44,2025,TAB,SEK,,"-139,724,883.64","-148,944,267.46",,,,,,,,,,,,,,,,,,,,,,
2025-10-27,44,2025,TAB,USD,,"-1,101,322.03","-11,005,651.08",,,,,,,,,,,,,,,,,,,,,,
2025-10-27,44,2025,TAS,DKK,,"230,412.17","358,817.89",,,,,,,,,,,,,,,,,,,,,,
2025-10-27,44,2025,TAS,EUR,,"-5,544,072.56","-64,488,652.02",,,,,,,,,,,,,,,,,,,,,,
2025-10-27,44,2025,TAS,NOK,,"139,914,339.23","139,914,339.23",,,,,,,,,,,,,,,,,,,,,,
2025-10-27,44,2025,TAS,SEK,,"71,214,835.06","75,913,761.13",,,,,,,,,,,,,,,,,,,,,,
2025-10-27,44,2025,TAS,USD,,"-584,627.01","-5,842,252.04",,,,,,,,,,,,,,,,,,,,,,
2025-10-27,44,2025,TDE,EUR,,"3,637,035.57","42,305,997.75",,,,,,,,,,,,,,,,,,,,,,
2025-10-27,44,2025,TDK,DKK,,0.00,0.00,,,,,,,,,,,,,,,,,,,,,,
2025-10-27,44,2025,TFI,EUR,,"295,673.69","3,439,276.36",,,,,,,,,,,,,,,,,,,,,,
2025-10-27,44,2025,TN,EUR,,"-530,550.80","-6,171,366.91",,,,,,,,,,,,,,,,,,,,,,
2025-10-27,44,2025,TN,NOK,,"150,231,593.93","150,231,593.93",,,,,,,,,,,,,,,,,,,,,,
2025-10-27,44,2025,TN,SEK,,"-16,515,092.51","-17,604,798.03",,,,,,,,,,,,,,,,,,,,,,
2025-10-27,44,2025,TN,USD,,"-41,710.34","-416,816.73",,,,,,,,,,,,,,,,,,,,,,
2025-10-27,44,2025,TNL,EUR,,"1,680,053.00","19,542,376.50",,,,,,,,,,,,,,,,,,,,,,
2025-11-03,45,2025,TAB,EUR,,"5,673,338.81","66,083,050.46",,,,,,,,,,,,,,,,,,,,,,
2025-11-03,45,2025,TAB,NOK,,"3,086,987.47","3,086,987.47",,,,,,,,,,,,,,,,,,,,,,
2025-11-03,45,2025,TAB,SEK,,"-200,671,687.36","-213,756,178.73",,,,,,,,,,,,,,,,,,,,,,
2025-11-03,45,2025,TAB,USD,,"-1,104,791.73","-11,176,493.03",,,,,,,,,,,,,,,,,,,,,,
2025-11-03,45,2025,TAS,DKK,,"230,412.17","359,398.06",,,,,,,,,,,,,,,,,,,,,,
2025-11-03,45,2025,TAS,EUR,,"-5,605,815.22","-65,296,535.68",,,,,,,,,,,,,,,,,,,,,,
2025-11-03,45,2025,TAS,NOK,,"139,394,430.56","139,394,430.56",,,,,,,,,,,,,,,,,,,,,,
2025-11-03,45,2025,TAS,SEK,,"70,524,059.53","75,122,473.29",,,,,,,,,,,,,,,,,,,,,,
2025-11-03,45,2025,TAS,USD,,"-624,705.03","-6,319,753.51",,,,,,,,,,,,,,,,,,,,,,
2025-11-03,45,2025,TDE,EUR,,"1,288,995.84","15,014,223.54",,,,,,,,,,,,,,,,,,,,,,
2025-11-03,45,2025,TDK,DKK,,0.00,0.00,,,,,,,,,,,,,,,,,,,,,,
2025-11-03,45,2025,TFI,EUR,,"295,539.82","3,442,447.82",,,,,,,,,,,,,,,,,,,,,,
2025-11-03,45,2025,TN,EUR,,"-529,931.51","-6,172,642.23",,,,,,,,,,,,,,,,,,,,,,
2025-11-03,45,2025,TN,NOK,,"160,013,915.75","160,013,915.75",,,,,,,,,,,,,,,,,,,,,,
2025-11-03,45,2025,TN,SEK,,"-16,577,654.71","-17,658,575.41",,,,,,,,,,,,,,,,,,,,,,
2025-11-03,45,2025,TN,USD,,"-41,955.08","-424,433.53",,,,,,,,,,,,,,,,,,,,,,
2025-11-03,45,2025,TNL,EUR,,"3,265,862.79","38,040,769.78",,,,,,,,,,,,,,,,,,,,,,
2025-11-10,46,2025,TAB,EUR,,"5,666,390.84","66,231,609.33",,,,,,,,,,,,,,,,,,,,,,
2025-11-10,46,2025,TAB,NOK,,"3,013,661.47","3,013,661.47",,,,,,,,,,,,,,,,,,,,,,
2025-11-10,46,2025,TAB,SEK,,"-193,118,071.94","-205,448,310.17",,,,,,,,,,,,,,,,,,,,,,
2025-11-10,46,2025,TAB,USD,,"-1,104,791.73","-11,160,105.55",,,,,,,,,,,,,,,,,,,,,,
2025-11-10,46,2025,TAS,DKK,,"230,412.17","360,667.00",,,,,,,,,,,,,,,,,,,,,,
2025-11-10,46,2025,TAS,EUR,,"-4,709,423.24","-55,046,093.54",,,,,,,,,,,,,,,,,,,,,,
2025-11-10,46,2025,TAS,NOK,,"137,549,386.57","137,549,386.57",,,,,,,,,,,,,,,,,,,,,,
2025-11-10,46,2025,TAS,SEK,,"69,723,098.20","74,174,791.42",,,,,,,,,,,,,,,,,,,,,,
2025-11-10,46,2025,TAS,USD,,"-625,918.10","-6,322,741.09",,,,,,,,,,,,,,,,,,,,,,
2025-11-10,46,2025,TDE,EUR,,"345,116.14","4,033,890.00",,,,,,,,,,,,,,,,,,,,,,
2025-11-10,46,2025,TDK,DKK,,0.00,0.00,,,,,,,,,,,,,,,,,,,,,,
2025-11-10,46,2025,TFI,EUR,,"282,568.38","3,302,800.51",,,,,,,,,,,,,,,,,,,,,,
2025-11-10,46,2025,TN,EUR,,"-540,988.16","-6,323,340.11",,,,,,,,,,,,,,,,,,,,,,
2025-11-10,46,2025,TN,NOK,,"166,097,266.25","166,097,266.25",,,,,,,,,,,,,,,,,,,,,,
2025-11-10,46,2025,TN,SEK,,"-16,578,053.87","-17,636,532.51",,,,,,,,,,,,,,,,,,,,,,
2025-11-10,46,2025,TN,USD,,"-41,955.08","-423,811.21",,,,,,,,,,,,,,,,,,,,,,
2025-11-10,46,2025,TNL,EUR,,"1,895,561.91","22,156,275.39",,,,,,,,,,,,,,,,,,,,,,
2025-11-17,47,2025,TAB,EUR,,"5,674,307.17","66,392,231.04",,,,,,,,,,,,,,,,,,,,,,
2025-11-17,47,2025,TAB,NOK,,"2,955,738.47","2,955,738.47",,,,,,,,,,,,,,,,,,,,,,
2025-11-17,47,2025,TAB,SEK,,"-197,443,524.00","-210,716,281.53",,,,,,,,,,,,,,,,,,,,,,
2025-11-17,47,2025,TAB,USD,,"-1,231,419.98","-12,428,387.37",,,,,,,,,,,,,,,,,,,,,,
2025-11-17,47,2025,TAS,DKK,,"230,412.17","360,984.11",,,,,,,,,,,,,,,,,,,,,,
2025-11-17,47,2025,TAS,EUR,,"-7,759,493.45","-90,789,953.11",,,,,,,,,,,,,,,,,,,,,,
2025-11-17,47,2025,TAS,NOK,,"169,777,956.48","169,777,956.48",,,,,,,,,,,,,,,,,,,,,,
2025-11-17,47,2025,TAS,SEK,,"69,583,598.20","74,261,220.48",,,,,,,,,,,,,,,,,,,,,,
2025-11-17,47,2025,TAS,USD,,"-626,183.10","-6,319,895.94",,,,,,,,,,,,,,,,,,,,,,
2025-11-17,47,2025,TDE,EUR,,"525,214.74","6,145,275.07",,,,,,,,,,,,,,,,,,,,,,
2025-11-17,47,2025,TDK,DKK,,0.00,0.00,,,,,,,,,,,,,,,,,,,,,,
2025-11-17,47,2025,TFI,EUR,,"268,472.78","3,141,265.76",,,,,,,,,,,,,,,,,,,,,,
2025-11-17,47,2025,TN,EUR,,"-545,263.68","-6,379,857.69",,,,,,,,,,,,,,,,,,,,,,
2025-11-17,47,2025,TN,NOK,,"144,447,071.78","144,447,071.78",,,,,,,,,,,,,,,,,,,,,,
2025-11-17,47,2025,TN,SEK,,"-16,578,454.95","-17,692,909.39",,,,,,,,,,,,,,,,,,,,,,
2025-11-17,47,2025,TN,USD,,"-41,955.08","-423,441.23",,,,,,,,,,,,,,,,,,,,,,
2025-11-17,47,2025,TNL,EUR,,"2,014,575.19","23,571,537.01",,,,,,,,,,,,,,,,,,,,,,
2025-11-24,48,2025,TAB,EUR,,"5,624,518.37","66,338,381.91",,,,,,,,,,,,,,,,,,,,,,
2025-11-24,48,2025,TAB,NOK,,"2,955,738.47","2,955,738.47",,,,,,,,,,,,,,,,,,,,,,
2025-11-24,48,2025,TAB,SEK,,"-189,057,633.38","-202,602,240.31",,,,,,,,,,,,,,,,,,,,,,
2025-11-24,48,2025,TAB,USD,,"-1,290,249.98","-13,182,478.68",,,,,,,,,,,,,,,,,,,,,,
2025-11-24,48,2025,TAS,DKK,,"230,412.17","363,845.22",,,,,,,,,,,,,,,,,,,,,,
2025-11-24,48,2025,TAS,EUR,,"-4,948,589.79","-58,366,142.28",,,,,,,,,,,,,,,,,,,,,,
2025-11-24,48,2025,TAS,NOK,,"167,506,909.31","167,506,909.31",,,,,,,,,,,,,,,,,,,,,,
2025-11-24,48,2025,TAS,SEK,,"69,341,054.20","74,308,837.34",,,,,,,,,,,,,,,,,,,,,,
2025-11-24,48,2025,TAS,USD,,"-682,721.39","-6,975,361.60",,,,,,,,,,,,,,,,,,,,,,
2025-11-24,48,2025,TDE,EUR,,"8,565,508.74","101,025,892.83",,,,,,,,,,,,,,,,,,,,,,
2025-11-24,48,2025,TDK,DKK,,0.00,0.00,,,,,,,,,,,,,,,,,,,,,,
2025-11-24,48,2025,TFI,EUR,,"266,530.16","3,143,589.97",,,,,,,,,,,,,,,,,,,,,,
2025-11-24,48,2025,TN,EUR,,"-565,450.86","-6,669,210.17",,,,,,,,,,,,,,,,,,,,,,
2025-11-24,48,2025,TN,NOK,,"235,749,665.38","235,749,665.38",,,,,,,,,,,,,,,,,,,,,,
2025-11-24,48,2025,TN,SEK,,"-16,578,854.70","-17,766,609.28",,,,,,,,,,,,,,,,,,,,,,
2025-11-24,48,2025,TN,USD,,"-41,955.08","-428,654.88",,,,,,,,,,,,,,,,,,,,,,
2025-11-24,48,2025,TNL,EUR,,"4,038,261.86","47,629,279.51",,,,,,,,,,,,,,,,,,,,,,
2025-12-02,49,2025,TAB,EUR,,"5,532,139.00","65,118,808.17",,,,,,,,,,,,,,,,,,,,,,
2025-12-02,49,2025,TAB,NOK,,"2,965,166.67","2,965,166.67",,,,,,,,,,,,,,,,,,,,,,
2025-12-02,49,2025,TAB,SEK,,"-73,260,139.73","-78,659,591.79",,,,,,,,,,,,,,,,,,,,,,
2025-12-02,49,2025,TAB,USD,,"-1,293,795.50","-13,076,821.94",,,,,,,,,,,,,,,,,,,,,,
2025-12-02,49,2025,TAS,DKK,,"230,412.17","363,139.72",,,,,,,,,,,,,,,,,,,,,,
2025-12-02,49,2025,TAS,EUR,,"-1,970,795.98","-23,198,239.48",,,,,,,,,,,,,,,,,,,,,,
2025-12-02,49,2025,TAS,NOK,,"165,934,688.56","165,934,688.56",,,,,,,,,,,,,,,,,,,,,,
2025-12-02,49,2025,TAS,SEK,,"69,412,520.79","74,528,393.89",,,,,,,,,,,,,,,,,,,,,,
2025-12-02,49,2025,TAS,USD,,"-686,283.83","-6,936,499.20",,,,,,,,,,,,,,,,,,,,,,
2025-12-02,49,2025,TDE,EUR,,"3,027,701.45","35,639,073.77",,,,,,,,,,,,,,,,,,,,,,
2025-12-02,49,2025,TDK,DKK,,0.00,0.00,,,,,,,,,,,,,,,,,,,,,,
2025-12-02,49,2025,TFI,EUR,,"265,197.63","3,121,641.30",,,,,,,,,,,,,,,,,,,,,,
2025-12-02,49,2025,TN,EUR,,"-577,643.69","-6,799,443.87",,,,,,,,,,,,,,,,,,,,,,
2025-12-02,49,2025,TN,NOK,,"139,837,863.22","139,837,863.22",,,,,,,,,,,,,,,,,,,,,,
2025-12-02,49,2025,TN,SEK,,"-16,639,313.62","-17,865,671.86",,,,,,,,,,,,,,,,,,,,,,
2025-12-02,49,2025,TN,USD,,"-42,184.91","-426,376.93",,,,,,,,,,,,,,,,,,,,,,
2025-12-02,49,2025,TNL,EUR,,"2,243,644.79","26,409,942.82",,,,,,,,,,,,,,,,,,,,,,
2025-12-09,50,2025,TAB,EUR,,"5,576,847.39","65,728,723.34",,,,,,,,,,,,,,,,,,,,,,
2025-12-09,50,2025,TAB,NOK,,"2,965,166.67","2,965,166.67",,,,,,,,,,,,,,,,,,,,,,
2025-12-09,50,2025,TAB,SEK,,"-189,582,595.56","-204,065,982.12",,,,,,,,,,,,,,,,,,,,,,
2025-12-09,50,2025,TAB,USD,,"-1,293,795.50","-13,083,375.17",,,,,,,,,,,,,,,,,,,,,,
2025-12-09,50,2025,TAS,DKK,,"230,412.17","363,597.61",,,,,,,,,,,,,,,,,,,,,,
2025-12-09,50,2025,TAS,EUR,,"-3,101,523.86","-36,554,560.21",,,,,,,,,,,,,,,,,,,,,,
2025-12-09,50,2025,TAS,NOK,,"162,027,099.40","162,027,099.40",,,,,,,,,,,,,,,,,,,,,,
2025-12-09,50,2025,TAS,SEK,,"68,742,601.92","73,994,274.28",,,,,,,,,,,,,,,,,,,,,,
2025-12-09,50,2025,TAS,USD,,"-715,664.43","-7,237,083.63",,,,,,,,,,,,,,,,,,,,,,
2025-12-09,50,2025,TDE,EUR,,"1,421,017.37","16,748,110.72",,,,,,,,,,,,,,,,,,,,,,
2025-12-09,50,2025,TDK,DKK,,0.00,0.00,,,,,,,,,,,,,,,,,,,,,,
2025-12-09,50,2025,TFI,EUR,,"260,944.88","3,075,496.36",,,,,,,,,,,,,,,,,,,,,,
2025-12-09,50,2025,TN,EUR,,"-570,902.24","-6,728,653.80",,,,,,,,,,,,,,,,,,,,,,
2025-12-09,50,2025,TN,NOK,,"152,321,922.34","152,321,922.34",,,,,,,,,,,,,,,,,,,,,,
2025-12-09,50,2025,TN,SEK,,"-16,639,712.91","-17,910,923.45",,,,,,,,,,,,,,,,,,,,,,
2025-12-09,50,2025,TN,USD,,"-42,184.91","-426,590.60",,,,,,,,,,,,,,,,,,,,,,
2025-12-09,50,2025,TNL,EUR,,"2,287,862.21","26,964,744.01",,,,,,,,,,,,,,,,,,,,,,
2025-12-16,51,2025,TAB,EUR,,"5,568,966.94","66,312,473.84",,,,,,,,,,,,,,,,,,,,,,
2025-12-16,51,2025,TAB,NOK,,"2,557,622.97","2,557,622.97",,,,,,,,,,,,,,,,,,,,,,
2025-12-16,51,2025,TAB,SEK,,"-193,622,702.02","-211,219,121.83",,,,,,,,,,,,,,,,,,,,,,
2025-12-16,51,2025,TAB,USD,,"-1,324,633.63","-13,420,467.07",,,,,,,,,,,,,,,,,,,,,,
2025-12-16,51,2025,TAS,DKK,,"230,412.17","367,267.20",,,,,,,,,,,,,,,,,,,,,,
2025-12-16,51,2025,TAS,EUR,,"-2,114,937.26","-25,183,615.42",,,,,,,,,,,,,,,,,,,,,,
2025-12-16,51,2025,TAS,NOK,,"162,027,099.40","162,027,099.40",,,,,,,,,,,,,,,,,,,,,,
2025-12-16,51,2025,TAS,SEK,,"68,637,601.92","74,875,383.16",,,,,,,,,,,,,,,,,,,,,,
2025-12-16,51,2025,TAS,USD,,"-715,664.43","-7,250,722.54",,,,,,,,,,,,,,,,,,,,,,
2025-12-16,51,2025,TDE,EUR,,"-256,433.25","-3,053,478.92",,,,,,,,,,,,,,,,,,,,,,
2025-12-16,51,2025,TDK,DKK,,0.00,0.00,,,,,,,,,,,,,,,,,,,,,,
2025-12-16,51,2025,TFI,EUR,,"246,573.94","2,936,079.19",,,,,,,,,,,,,,,,,,,,,,
2025-12-16,51,2025,TN,EUR,,"-586,797.01","-6,987,285.40",,,,,,,,,,,,,,,,,,,,,,
2025-12-16,51,2025,TN,NOK,,"167,269,119.14","167,269,119.14",,,,,,,,,,,,,,,,,,,,,,
2025-12-16,51,2025,TN,SEK,,"-16,786,111.93","-18,311,632.80",,,,,,,,,,,,,,,,,,,,,,
2025-12-16,51,2025,TN,USD,,"-62,598.23","-634,211.20",,,,,,,,,,,,,,,,,,,,,,
2025-12-16,51,2025,TNL,EUR,,"1,515,730.36","18,048,559.26",,,,,,,,,,,,,,,,,,,,,,
2025-12-23,52,2025,TAB,EUR,,"5,585,244.41","66,394,592.92",,,,,,,,,,,,,,,,,,,,,,
2025-12-23,52,2025,TAB,NOK,,"2,445,651.22","2,445,651.22",,,,,,,,,,,,,,,,,,,,,,
2025-12-23,52,2025,TAB,SEK,,"-183,355,444.68","-200,777,252.08",,,,,,,,,,,,,,,,,,,,,,
2025-12-23,52,2025,TAB,USD,,"-1,324,633.63","-13,407,051.75",,,,,,,,,,,,,,,,,,,,,,
2025-12-23,52,2025,TAS,DKK,,"211,287.17","336,208.10",,,,,,,,,,,,,,,,,,,,,,
2025-12-23,52,2025,TAS,EUR,,"-2,347,181.65","-27,902,121.86",,,,,,,,,,,,,,,,,,,,,,
2025-12-23,52,2025,TAS,NOK,,"162,179,105.69","162,179,105.69",,,,,,,,,,,,,,,,,,,,,,
2025-12-23,52,2025,TAS,SEK,,"68,637,601.92","75,159,312.16",,,,,,,,,,,,,,,,,,,,,,
2025-12-23,52,2025,TAS,USD,,"-757,256.43","-7,664,440.88",,,,,,,,,,,,,,,,,,,,,,
2025-12-23,52,2025,TDE,EUR,,"14,689,053.18","174,616,119.68",,,,,,,,,,,,,,,,,,,,,,
2025-12-23,52,2025,TDK,DKK,,0.00,0.00,,,,,,,,,,,,,,,,,,,,,,
2025-12-23,52,2025,TFI,EUR,,"247,658.48","2,944,040.18",,,,,,,,,,,,,,,,,,,,,,
2025-12-23,52,2025,TN,EUR,,"-582,466.08","-6,924,065.53",,,,,,,,,,,,,,,,,,,,,,
2025-12-23,52,2025,TN,NOK,,"496,166,406.64","496,166,406.64",,,,,,,,,,,,,,,,,,,,,,
2025-12-23,52,2025,TN,SEK,,"-16,891,207.95","-18,496,152.77",,,,,,,,,,,,,,,,,,,,,,
2025-12-23,52,2025,TN,USD,,"-62,598.23","-633,577.23",,,,,,,,,,,,,,,,,,,,,,
2025-12-23,52,2025,TNL,EUR,,"808,430.59","9,610,218.64",,,,,,,,,,,,,,,,,,,,,,
2025-12-30,53,2025,TAB,EUR,,"5,933,517.43","70,169,777.13",,,,,,,,,,,,,,,,,,,,,,
2025-12-30,53,2025,TAB,NOK,,"2,295,570.22","2,295,570.22",,,,,,,,,,,,,,,,,,,,,,
2025-12-30,53,2025,TAB,SEK,,"40,006,480.81","43,734,206.14",,,,,,,,,,,,,,,,,,,,,,
2025-12-30,53,2025,TAB,USD,,"-1,329,225.63","-13,370,266.48",,,,,,,,,,,,,,,,,,,,,,
2025-12-30,53,2025,TAS,DKK,,"211,287.17","334,544.86",,,,,,,,,,,,,,,,,,,,,,
2025-12-30,53,2025,TAS,EUR,,"-4,861,227.54","-57,488,876.89",,,,,,,,,,,,,,,,,,,,,,
2025-12-30,53,2025,TAS,NOK,,"157,930,127.95","157,930,127.95",,,,,,,,,,,,,,,,,,,,,,
2025-12-30,53,2025,TAS,SEK,,"68,492,851.92","74,874,881.38",,,,,,,,,,,,,,,,,,,,,,
2025-12-30,53,2025,TAS,USD,,"-763,256.43","-7,677,358.63",,,,,,,,,,,,,,,,,,,,,,
2025-12-30,53,2025,TDE,EUR,,"8,758,278.77","103,575,404.73",,,,,,,,,,,,,,,,,,,,,,
2025-12-30,53,2025,TDK,DKK,,0.00,0.00,,,,,,,,,,,,,,,,,,,,,,
2025-12-30,53,2025,TFI,EUR,,"250,617.27","2,963,799.84",,,,,,,,,,,,,,,,,,,,,,
2025-12-30,53,2025,TN,EUR,,"-601,057.61","-7,108,107.30",,,,,,,,,,,,,,,,,,,,,,
2025-12-30,53,2025,TN,NOK,,"138,125,253.96","138,125,253.96",,,,,,,,,,,,,,,,,,,,,,
2025-12-30,53,2025,TN,SEK,,"-16,891,602.75","-18,465,529.13",,,,,,,,,,,,,,,,,,,,,,
2025-12-30,53,2025,TN,USD,,"-62,598.23","-629,656.09",,,,,,,,,,,,,,,,,,,,,,
2025-12-30,53,2025,TNL,EUR,,"6,214,975.53","73,498,300.62",,,,,,,,,,,,,,,,,,,,,,
2026-01-06,2,2026,TAB,EUR,,"5,881,746.74","68,984,066.64",,,,,,,,,,,,,,,,,,,,,,
2026-01-06,2,2026,TAB,NOK,,"1,933,004.22","1,933,004.22",,,,,,,,,,,,,,,,,,,,,,
2026-01-06,2,2026,TAB,SEK,,"-203,258,689.12","-221,450,955.44",,,,,,,,,,,,,,,,,,,,,,
2026-01-06,2,2026,TAB,USD,,"-1,332,962.16","-13,354,101.56",,,,,,,,,,,,,,,,,,,,,,
2026-01-06,2,2026,TAS,DKK,,"211,890.69","332,565.20",,,,,,,,,,,,,,,,,,,,,,
2026-01-06,2,2026,TAS,EUR,,"-234,674.43","-2,752,379.05",,,,,,,,,,,,,,,,,,,,,,
2026-01-06,2,2026,TAS,NOK,,"152,199,561.83","152,199,561.83",,,,,,,,,,,,,,,,,,,,,,
2026-01-06,2,2026,TAS,SEK,,"67,982,538.35","74,067,180.77",,,,,,,,,,,,,,,,,,,,,,
2026-01-06,2,2026,TAS,USD,,"-771,781.72","-7,731,991.03",,,,,,,,,,,,,,,,,,,,,,
2026-01-06,2,2026,TDE,EUR,,"7,463,421.37","87,534,737.54",,,,,,,,,,,,,,,,,,,,,,
2026-01-06,2,2026,TFI,EUR,,"247,658.83","2,904,666.59",,,,,,,,,,,,,,,,,,,,,,
2026-01-06,2,2026,TN,EUR,,"-598,250.37","-7,016,579.46",,,,,,,,,,,,,,,,,,,,,,
2026-01-06,2,2026,TN,NOK,,"149,606,221.99","149,606,221.99",,,,,,,,,,,,,,,,,,,,,,
2026-01-06,2,2026,TN,SEK,,"-16,954,895.30","-18,472,409.62",,,,,,,,,,,,,,,,,,,,,,
2026-01-06,2,2026,TN,USD,,"-62,912.96","-630,285.00",,,,,,,,,,,,,,,,,,,,,,
2026-01-06,2,2026,TNL,EUR,,"905,011.26","10,614,424.56",,,,,,,,,,,,,,,,,,,,,,
2026-01-13,3,2026,TAB,EUR,,"5,692,306.31","66,853,291.46",,,,,,,,,,,,,,,,,,,,,,
2026-01-13,3,2026,TAB,NOK,,"1,933,004.22","1,933,004.22",,,,,,,,,,,,,,,,,,,,,,
2026-01-13,3,2026,TAB,SEK,,"-197,840,106.88","-217,136,394.97",,,,,,,,,,,,,,,,,,,,,,
2026-01-13,3,2026,TAB,USD,,"-1,332,962.16","-13,389,474.93",,,,,,,,,,,,,,,,,,,,,,
2026-01-13,3,2026,TAS,DKK,,"211,890.69","333,041.17",,,,,,,,,,,,,,,,,,,,,,
2026-01-13,3,2026,TAS,EUR,,"-676,285.76","-7,942,638.11",,,,,,,,,,,,,,,,,,,,,,
2026-01-13,3,2026,TAS,NOK,,"152,091,184.99","152,091,184.99",,,,,,,,,,,,,,,,,,,,,,
2026-01-13,3,2026,TAS,SEK,,"67,737,935.35","74,344,738.87",,,,,,,,,,,,,,,,,,,,,,
2026-01-13,3,2026,TAS,USD,,"-771,781.72","-7,752,472.13",,,,,,,,,,,,,,,,,,,,,,
2026-01-13,3,2026,TDE,EUR,,"7,526,073.97","88,389,975.74",,,,,,,,,,,,,,,,,,,,,,
2026-01-13,3,2026,TDK,DKK,,0.00,0.00,,,,,,,,,,,,,,,,,,,,,,
2026-01-13,3,2026,TFI,EUR,,"244,506.42","2,871,605.65",,,,,,,,,,,,,,,,,,,,,,
2026-01-13,3,2026,TN,EUR,,"-618,262.27","-7,261,181.23",,,,,,,,,,,,,,,,,,,,,,
2026-01-13,3,2026,TN,NOK,,"159,745,378.52","159,745,378.52",,,,,,,,,,,,,,,,,,,,,,
2026-01-13,3,2026,TN,SEK,,"-17,059,988.22","-18,723,930.14",,,,,,,,,,,,,,,,,,,,,,
2026-01-13,3,2026,TN,USD,,"-62,912.96","-631,954.55",,,,,,,,,,,,,,,,,,,,,,
2026-01-13,3,2026,TNL,EUR,,"401,134.98","4,711,129.77",,,,,,,,,,,,,,,,,,,,,,
2026-01-20,4,2026,TAB,EUR,,"5,604,048.81","65,732,690.52",,,,,,,,,,,,,,,,,,,,,,
2026-01-20,4,2026,TAB,NOK,,"1,933,004.22","1,933,004.22",,,,,,,,,,,,,,,,,,,,,,
2026-01-20,4,2026,TAB,SEK,,"-201,209,013.89","-219,951,642.91",,,,,,,,,,,,,,,,,,,,,,
2026-01-20,4,2026,TAB,USD,,"-1,332,962.16","-13,442,506.80",,,,,,,,,,,,,,,,,,,,,,
2026-01-20,4,2026,TAS,DKK,,"211,890.69","332,638.07",,,,,,,,,,,,,,,,,,,,,,
2026-01-20,4,2026,TAS,EUR,,"-2,238,963.21","-26,261,918.97",,,,,,,,,,,,,,,,,,,,,,
2026-01-20,4,2026,TAS,NOK,,"146,832,160.59","146,832,160.59",,,,,,,,,,,,,,,,,,,,,,
2026-01-20,4,2026,TAS,SEK,,"67,627,935.35","73,927,480.68",,,,,,,,,,,,,,,,,,,,,,
2026-01-20,4,2026,TAS,USD,,"-791,982.05","-7,986,891.46",,,,,,,,,,,,,,,,,,,,,,
2026-01-20,4,2026,TDE,EUR,,"5,578,205.38","65,429,560.00",,,,,,,,,,,,,,,,,,,,,,
2026-01-20,4,2026,TDK,DKK,,0.00,0.00,,,,,,,,,,,,,,,,,,,,,,
2026-01-20,4,2026,TFI,EUR,,"229,796.74","2,695,400.86",,,,,,,,,,,,,,,,,,,,,,
2026-01-20,4,2026,TN,EUR,,"-613,442.39","-7,195,372.51",,,,,,,,,,,,,,,,,,,,,,
2026-01-20,4,2026,TN,NOK,,"468,621,054.07","468,621,054.07",,,,,,,,,,,,,,,,,,,,,,
2026-01-20,4,2026,TN,SEK,,"-17,060,378.71","-18,649,553.78",,,,,,,,,,,,,,,,,,,,,,
2026-01-20,4,2026,TN,USD,,"-79,701.84","-803,768.15",,,,,,,,,,,,,,,,,,,,,,
2026-01-20,4,2026,TNL,EUR,,"882,043.56","10,345,929.94",,,,,,,,,,,,,,,,,,,,,,
2026-01-27,5,2026,TAB,EUR,,"5,574,077.19","64,667,656.52",,,,,,,,,,,,,,,,,,,,,,
2026-01-27,5,2026,TAB,NOK,,"1,821,317.72","1,821,317.72",,,,,,,,,,,,,,,,,,,,,,
2026-01-27,5,2026,TAB,SEK,,"-188,869,494.71","-206,198,601.88",,,,,,,,,,,,,,,,,,,,,,
2026-01-27,5,2026,TAB,USD,,"-1,332,962.16","-13,065,529.32",,,,,,,,,,,,,,,,,,,,,,
2026-01-27,5,2026,TAS,DKK,,"211,890.69","329,179.92",,,,,,,,,,,,,,,,,,,,,,
2026-01-27,5,2026,TAS,EUR,,"-4,436,109.93","-51,465,529.35",,,,,,,,,,,,,,,,,,,,,,
2026-01-27,5,2026,TAS,NOK,,"139,451,977.92","139,451,977.92",,,,,,,,,,,,,,,,,,,,,,
2026-01-27,5,2026,TAS,SEK,,"67,594,007.12","73,795,875.74",,,,,,,,,,,,,,,,,,,,,,
2026-01-27,5,2026,TAS,USD,,"-859,721.45","-8,426,882.73",,,,,,,,,,,,,,,,,,,,,,
2026-01-27,5,2026,TDE,EUR,,"18,033,742.27","209,218,460.95",,,,,,,,,,,,,,,,,,,,,,
2026-01-27,5,2026,TDK,DKK,,0.00,0.00,,,,,,,,,,,,,,,,,,,,,,
2026-01-27,5,2026,TFI,EUR,,"228,464.51","2,650,531.01",,,,,,,,,,,,,,,,,,,,,,
2026-01-27,5,2026,TN,EUR,,"-613,805.81","-7,121,068.10",,,,,,,,,,,,,,,,,,,,,,
2026-01-27,5,2026,TN,NOK,,"130,163,397.23","130,163,397.23",,,,,,,,,,,,,,,,,,,,,,
2026-01-27,5,2026,TN,SEK,,"-17,060,838.85","-18,626,200.72",,,,,,,,,,,,,,,,,,,,,,
2026-01-27,5,2026,TN,USD,,"-79,701.84","-781,227.52",,,,,,,,,,,,,,,,,,,,,,
2026-01-27,5,2026,TNL,EUR,,"545,269.27","6,325,941.44",,,,,,,,,,,,,,,,,,,,,,
2026-02-03,6,2026,TAB,EUR,,"6,264,127.19","71,821,350.30",,,,,,,,,,,,,,,,,,,,,,
2026-02-03,6,2026,TAB,NOK,,"1,827,678.92","1,827,678.92",,,,,,,,,,,,,,,,,,,,,,
2026-02-03,6,2026,TAB,SEK,,"-6,675,575.50","-7,225,073.01",,,,,,,,,,,,,,,,,,,,,,
2026-02-03,6,2026,TAB,USD,,"-1,339,727.36","-12,973,516.93",,,,,,,,,,,,,,,,,,,,,,
2026-02-03,6,2026,TAS,DKK,,"211,890.69","325,264.45",,,,,,,,,,,,,,,,,,,,,,
2026-02-03,6,2026,TAS,EUR,,"1,396,698.22","16,013,843.44",,,,,,,,,,,,,,,,,,,,,,
2026-02-03,6,2026,TAS,NOK,,"137,005,557.72","137,005,557.72",,,,,,,,,,,,,,,,,,,,,,
2026-02-03,6,2026,TAS,SEK,,"66,638,841.07","72,124,192.41",,,,,,,,,,,,,,,,,,,,,,
2026-02-03,6,2026,TAS,USD,,"-874,834.75","-8,471,636.68",,,,,,,,,,,,,,,,,,,,,,
2026-02-03,6,2026,TDE,EUR,,"9,189,912.61","105,366,943.03",,,,,,,,,,,,,,,,,,,,,,
2026-02-03,6,2026,TDK,DKK,,0.00,0.00,,,,,,,,,,,,,,,,,,,,,,
2026-02-03,6,2026,TFI,EUR,,"228,728.66","2,622,488.45",,,,,,,,,,,,,,,,,,,,,,
2026-02-03,6,2026,TN,EUR,,"-610,411.60","-6,998,674.20",,,,,,,,,,,,,,,,,,,,,,
2026-02-03,6,2026,TN,NOK,,"156,015,327.86","156,015,327.86",,,,,,,,,,,,,,,,,,,,,,
2026-02-03,6,2026,TN,SEK,,"-17,125,231.78","-18,534,888.84",,,,,,,,,,,,,,,,,,,,,,
2026-02-03,6,2026,TN,USD,,"-80,096.68","-775,632.17",,,,,,,,,,,,,,,,,,,,,,
2026-02-03,6,2026,TNL,EUR,,"3,413,279.27","39,134,953.47",,,,,,,,,,,,,,,,,,,,,,
2026-02-10,7,2026,TAB,EUR,,"6,317,135.84","72,198,545.52",,,,,,,,,,,,,,,,,,,,,,
2026-02-10,7,2026,TAB,NOK,,"1,827,678.92","1,827,678.92",,,,,,,,,,,,,,,,,,,,,,
2026-02-10,7,2026,TAB,SEK,,"-173,930,762.94","-186,644,259.86",,,,,,,,,,,,,,,,,,,,,,
2026-02-10,7,2026,TAB,USD,,"-1,339,727.36","-12,882,167.25",,,,,,,,,,,,,,,,,,,,,,
2026-02-10,7,2026,TAS,DKK,,"211,890.69","324,224.64",,,,,,,,,,,,,,,,,,,,,,
2026-02-10,7,2026,TAS,EUR,,"1,379,974.04","15,771,723.30",,,,,,,,,,,,,,,,,,,,,,
2026-02-10,7,2026,TAS,NOK,,"134,322,152.22","134,322,152.22",,,,,,,,,,,,,,,,,,,,,,
2026-02-10,7,2026,TAS,SEK,,"67,192,785.76","72,104,253.18",,,,,,,,,,,,,,,,,,,,,,
2026-02-10,7,2026,TAS,USD,,"-888,836.54","-8,546,620.24",,,,,,,,,,,,,,,,,,,,,,
2026-02-10,7,2026,TDE,EUR,,"8,227,160.10","94,028,212.78",,,,,,,,,,,,,,,,,,,,,,
2026-02-10,7,2026,TDK,DKK,,0.00,0.00,,,,,,,,,,,,,,,,,,,,,,
2026-02-10,7,2026,TFI,EUR,,"225,627.84","2,578,700.58",,,,,,,,,,,,,,,,,,,,,,
2026-02-10,7,2026,TN,EUR,,"-600,861.59","-6,867,247.11",,,,,,,,,,,,,,,,,,,,,,
2026-02-10,7,2026,TN,NOK,,"178,909,292.65","178,909,292.65",,,,,,,,,,,,,,,,,,,,,,
2026-02-10,7,2026,TN,SEK,,"-17,125,618.49","-18,377,418.31",,,,,,,,,,,,,,,,,,,,,,
2026-02-10,7,2026,TN,USD,,"-80,096.68","-770,170.75",,,,,,,,,,,,,,,,,,,,,,
2026-02-10,7,2026,TNL,EUR,,"2,733,872.01","31,245,423.20",,,,,,,,,,,,,,,,,,,,,,
2026-02-17,8,2026,TAB,EUR,,"6,432,414.10","72,470,793.46",,,,,,,,,,,,,,,,,,,,,,
2026-02-17,8,2026,TAB,NOK,,"1,827,678.92","1,827,678.92",,,,,,,,,,,,,,,,,,,,,,
2026-02-17,8,2026,TAB,SEK,,"-178,967,690.35","-189,853,536.40",,,,,,,,,,,,,,,,,,,,,,
2026-02-17,8,2026,TAB,USD,,"-1,339,727.36","-12,732,212.82",,,,,,,,,,,,,,,,,,,,,,
2026-02-17,8,2026,TAS,DKK,,"211,890.69","319,550.57",,,,,,,,,,,,,,,,,,,,,,
2026-02-17,8,2026,TAS,EUR,,"1,232,582.21","13,886,887.47",,,,,,,,,,,,,,,,,,,,,,
2026-02-17,8,2026,TAS,NOK,,"129,957,706.19","129,957,706.19",,,,,,,,,,,,,,,,,,,,,,
2026-02-17,8,2026,TAS,SEK,,"67,052,913.96","71,131,458.51",,,,,,,,,,,,,,,,,,,,,,
2026-02-17,8,2026,TAS,USD,,"-930,938.51","-8,847,253.25",,,,,,,,,,,,,,,,,,,,,,
2026-02-17,8,2026,TDE,EUR,,"6,232,680.74","70,220,497.56",,,,,,,,,,,,,,,,,,,,,,
2026-02-17,8,2026,TDK,DKK,,0.00,0.00,,,,,,,,,,,,,,,,,,,,,,
2026-02-17,8,2026,TFI,EUR,,"212,532.36","2,394,495.83",,,,,,,,,,,,,,,,,,,,,,
2026-02-17,8,2026,TN,EUR,,"-586,882.81","-6,612,115.18",,,,,,,,,,,,,,,,,,,,,,
2026-02-17,8,2026,TN,NOK,,"219,099,642.04","219,099,642.04",,,,,,,,,,,,,,,,,,,,,,
2026-02-17,8,2026,TN,SEK,,"-17,118,009.23","-18,159,225.18",,,,,,,,,,,,,,,,,,,,,,
2026-02-17,8,2026,TN,USD,,"-80,096.68","-761,205.61",,,,,,,,,,,,,,,,,,,,,,
2026-02-17,8,2026,TNL,EUR,,"1,805,386.02","20,340,381.59",,,,,,,,,,,,,,,,,,,,,,
2026-02-24,9,2026,TAB,EUR,,"6,406,310.85","72,125,450.70",,,,,,,,,,,,,,,,,,,,,,
2026-02-24,9,2026,TAB,NOK,,"1,827,678.92","1,827,678.92",,,,,,,,,,,,,,,,,,,,,,
2026-02-24,9,2026,TAB,SEK,,"-171,583,653.47","-180,615,638.59",,,,,,,,,,,,,,,,,,,,,,
2026-02-24,9,2026,TAB,USD,,"-1,339,727.36","-12,799,830.69",,,,,,,,,,,,,,,,,,,,,,
2026-02-24,9,2026,TAS,DKK,,"211,890.69","319,323.67",,,,,,,,,,,,,,,,,,,,,,
2026-02-24,9,2026,TAS,EUR,,"1,041,763.94","11,728,699.32",,,,,,,,,,,,,,,,,,,,,,
2026-02-24,9,2026,TAS,NOK,,"129,383,214.23","129,383,214.23",,,,,,,,,,,,,,,,,,,,,,
2026-02-24,9,2026,TAS,SEK,,"67,052,913.96","70,582,509.64",,,,,,,,,,,,,,,,,,,,,,
2026-02-24,9,2026,TAS,USD,,"-968,529.69","-9,253,387.23",,,,,,,,,,,,,,,,,,,,,,
2026-02-24,9,2026,TDE,EUR,,"22,544,364.55","253,815,728.29",,,,,,,,,,,,,,,,,,,,,,
2026-02-24,9,2026,TDK,DKK,,0.00,0.00,,,,,,,,,,,,,,,,,,,,,,
2026-02-24,9,2026,TFI,EUR,,"212,410.00","2,391,417.99",,,,,,,,,,,,,,,,,,,,,,
2026-02-24,9,2026,TN,EUR,,"-584,221.41","-6,577,456.74",,,,,,,,,,,,,,,,,,,,,,
2026-02-24,9,2026,TN,NOK,,"594,581,983.34","594,581,983.34",,,,,,,,,,,,,,,,,,,,,,
2026-02-24,9,2026,TN,SEK,,"-17,375,842.74","-18,290,489.04",,,,,,,,,,,,,,,,,,,,,,
2026-02-24,9,2026,TN,USD,,"-80,096.68","-765,248.19",,,,,,,,,,,,,,,,,,,,,,
2026-02-24,9,2026,TNL,EUR,,"1,090,365.72","12,275,882.46",,,,,,,,,,,,,,,,,,,,,,
2026-03-03,10,2026,TAB,EUR,,"6,448,968.13","72,170,402.34",,,,,,,,,,,,,,,,,,,,,,
2026-03-03,10,2026,TAB,NOK,,"1,833,080.29","1,833,080.29",,,,,,,,,,,,,,,,,,,,,,
2026-03-03,10,2026,TAB,SEK,,"300,653,825.56","314,215,256.06",,,,,,,,,,,,,,,,,,,,,,
2026-03-03,10,2026,TAB,USD,,"-1,350,664.19","-12,921,254.02",,,,,,,,,,,,,,,,,,,,,,
2026-03-03,10,2026,TAS,DKK,,"211,890.69","317,387.93",,,,,,,,,,,,,,,,,,,,,,
2026-03-03,10,2026,TAS,EUR,,"1,793,041.36","20,065,925.86",,,,,,,,,,,,,,,,,,,,,,
2026-03-03,10,2026,TAS,NOK,,"128,954,668.92","128,954,668.92",,,,,,,,,,,,,,,,,,,,,,
2026-03-03,10,2026,TAS,SEK,,"67,118,810.47","70,146,302.57",,,,,,,,,,,,,,,,,,,,,,
2026-03-03,10,2026,TAS,USD,,"-979,053.29","-9,366,203.94",,,,,,,,,,,,,,,,,,,,,,
2026-03-03,10,2026,TDE,EUR,,"14,114,015.84","157,949,951.27",,,,,,,,,,,,,,,,,,,,,,
2026-03-03,10,2026,TDK,DKK,,0.00,0.00,,,,,,,,,,,,,,,,,,,,,,
2026-03-03,10,2026,TFI,EUR,,"209,901.19","2,349,004.22",,,,,,,,,,,,,,,,,,,,,,
2026-03-03,10,2026,TN,EUR,,"-581,005.73","-6,502,035.12",,,,,,,,,,,,,,,,,,,,,,
2026-03-03,10,2026,TN,NOK,,"137,497,291.37","137,497,291.37",,,,,,,,,,,,,,,,,,,,,,
2026-03-03,10,2026,TN,SEK,,"-17,454,690.86","-18,242,010.22",,,,,,,,,,,,,,,,,,,,,,
2026-03-03,10,2026,TN,USD,,"-80,487.13","-769,987.58",,,,,,,,,,,,,,,,,,,,,,
2026-03-03,10,2026,TNL,EUR,,"5,045,270.65","56,461,623.84",,,,,,,,,,,,,,,,,,,,,,
2026-03-10,11,2026,TAB,EUR,,"6,668,185.00","74,380,269.58",,,,,,,,,,,,,,,,,,,,,,
2026-03-10,11,2026,TAB,NOK,,"1,174,326.29","1,174,326.29",,,,,,,,,,,,,,,,,,,,,,
2026-03-10,11,2026,TAB,SEK,,"-166,169,698.13","-173,317,116.07",,,,,,,,,,,,,,,,,,,,,,
2026-03-10,11,2026,TAB,USD,,"-1,350,664.19","-13,038,497.37",,,,,,,,,,,,,,,,,,,,,,
2026-03-10,11,2026,TAS,DKK,,"211,890.69","316,369.69",,,,,,,,,,,,,,,,,,,,,,
2026-03-10,11,2026,TAS,EUR,,"1,668,778.29","18,614,387.44",,,,,,,,,,,,,,,,,,,,,,
2026-03-10,11,2026,TAS,NOK,,"118,913,912.75","118,913,912.75",,,,,,,,,,,,,,,,,,,,,,
2026-03-10,11,2026,TAS,SEK,,"67,039,521.54","69,923,076.63",,,,,,,,,,,,,,,,,,,,,,
2026-03-10,11,2026,TAS,USD,,"-1,054,572.87","-10,180,210.37",,,,,,,,,,,,,,,,,,,,,,
2026-03-10,11,2026,TDE,EUR,,"13,211,442.01","147,367,029.90",,,,,,,,,,,,,,,,,,,,,,
2026-03-10,11,2026,TDK,DKK,,0.00,0.00,,,,,,,,,,,,,,,,,,,,,,
2026-03-10,11,2026,TFI,EUR,,"210,714.18","2,350,411.32",,,,,,,,,,,,,,,,,,,,,,
2026-03-10,11,2026,TN,EUR,,"-579,746.75","-6,466,785.12",,,,,,,,,,,,,,,,,,,,,,
2026-03-10,11,2026,TN,NOK,,"165,353,982.89","165,353,982.89",,,,,,,,,,,,,,,,,,,,,,
2026-03-10,11,2026,TN,SEK,,"-17,472,277.54","-18,223,808.48",,,,,,,,,,,,,,,,,,,,,,
2026-03-10,11,2026,TN,USD,,"-80,487.13","-776,974.20",,,,,,,,,,,,,,,,,,,,,,
2026-03-10,11,2026,TNL,EUR,,"4,480,925.33","49,982,481.59",,,,,,,,,,,,,,,,,,,,,,
2026-03-17,12,2026,TAB,EUR,,"7,020,988.82","78,277,004.35",,,,,,,,,,,,,,,,,,,,,,
2026-03-17,12,2026,TAB,NOK,,"1,023,868.29","1,023,868.29",,,,,,,,,,,,,,,,,,,,,,
2026-03-17,12,2026,TAB,SEK,,"-165,488,830.08","-171,328,346.79",,,,,,,,,,,,,,,,,,,,,,
2026-03-17,12,2026,TAB,USD,,"-1,350,664.19","-13,119,493.86",,,,,,,,,,,,,,,,,,,,,,
2026-03-17,12,2026,TAS,DKK,,"211,890.69","316,162.92",,,,,,,,,,,,,,,,,,,,,,
2026-03-17,12,2026,TAS,EUR,,"1,639,030.19","18,273,547.59",,,,,,,,,,,,,,,,,,,,,,
2026-03-17,12,2026,TAS,NOK,,"115,069,024.65","115,069,024.65",,,,,,,,,,,,,,,,,,,,,,
2026-03-17,12,2026,TAS,SEK,,"67,038,421.54","69,403,970.82",,,,,,,,,,,,,,,,,,,,,,
2026-03-17,12,2026,TAS,USD,,"-1,055,282.61","-10,250,344.85",,,,,,,,,,,,,,,,,,,,,,
2026-03-17,12,2026,TDE,EUR,,"11,511,157.83","128,337,898.65",,,,,,,,,,,,,,,,,,,,,,
2026-03-17,12,2026,TDK,DKK,,0.00,0.00,,,,,,,,,,,,,,,,,,,,,,
2026-03-17,12,2026,TFI,EUR,,"190,046.51","2,118,828.54",,,,,,,,,,,,,,,,,,,,,,
2026-03-17,12,2026,TN,EUR,,"-576,892.95","-6,431,779.50",,,,,,,,,,,,,,,,,,,,,,
2026-03-17,12,2026,TN,NOK,,"205,301,123.00","205,301,123.00",,,,,,,,,,,,,,,,,,,,,,
2026-03-17,12,2026,TN,SEK,,"-17,472,669.42","-18,089,218.25",,,,,,,,,,,,,,,,,,,,,,
2026-03-17,12,2026,TN,USD,,"-80,487.13","-781,800.85",,,,,,,,,,,,,,,,,,,,,,
2026-03-17,12,2026,TNL,EUR,,"3,992,245.91","44,509,549.65",,,,,,,,,,,,,,,,,,,,,,
2026-03-24,13,2026,TAB,EUR,,"6,713,256.66","75,759,101.41",,,,,,,,,,,,,,,,,,,,,,
2026-03-24,13,2026,TAB,NOK,,"103,733.59","103,733.59",,,,,,,,,,,,,,,,,,,,,,
2026-03-24,13,2026,TAB,SEK,,"-6,409,387.07","-6,676,937.92",,,,,,,,,,,,,,,,,,,,,,
2026-03-24,13,2026,TAB,USD,,"-1,372,754.69","-13,359,379.68",,,,,,,,,,,,,,,,,,,,,,
2026-03-24,13,2026,TAS,DKK,,"211,890.69","320,032.45",,,,,,,,,,,,,,,,,,,,,,
2026-03-24,13,2026,TAS,EUR,,"3,277,000.90","36,980,955.16",,,,,,,,,,,,,,,,,,,,,,
2026-03-24,13,2026,TAS,NOK,,"235,310,277.35","235,310,277.35",,,,,,,,,,,,,,,,,,,,,,
2026-03-24,13,2026,TAS,SEK,,"-86,232,866.46","-89,832,536.19",,,,,,,,,,,,,,,,,,,,,,
2026-03-24,13,2026,TAS,USD,,"-1,106,696.89","-10,770,157.30",,,,,,,,,,,,,,,,,,,,,,
2026-03-24,13,2026,TDE,EUR,,"22,219,836.71","250,750,857.27",,,,,,,,,,,,,,,,,,,,,,
2026-03-24,13,2026,TDK,DKK,,0.00,0.00,,,,,,,,,,,,,,,,,,,,,,
2026-03-24,13,2026,TFI,EUR,,"189,924.15","2,143,294.03",,,,,,,,,,,,,,,,,,,,,,
2026-03-24,13,2026,TN,EUR,,"-628,265.81","-7,089,979.67",,,,,,,,,,,,,,,,,,,,,,
2026-03-24,13,2026,TN,NOK,,"429,192,311.23","429,192,311.23",,,,,,,,,,,,,,,,,,,,,,
2026-03-24,13,2026,TN,SEK,,"-18,101,266.17","-18,856,878.07",,,,,,,,,,,,,,,,,,,,,,
2026-03-24,13,2026,TN,USD,,"-80,487.13","-783,284.98",,,,,,,,,,,,,,,,,,,,,,
2026-03-24,13,2026,TNL,EUR,,"2,599,185.18","29,331,804.76",,,,,,,,,,,,,,,,,,,,,,
2026-03-31,14,2026,TAB,EUR,,"7,916,749.94","88,651,765.83",,,,,,,,,,,,,,,,,,,,,,
2026-03-31,14,2026,TAB,NOK,,"103,733.59","103,733.59",,,,,,,,,,,,,,,,,,,,,,
2026-03-31,14,2026,TAB,SEK,,"434,117,625.73","445,740,800.74",,,,,,,,,,,,,,,,,,,,,,
2026-03-31,14,2026,TAB,USD,,"-1,372,754.69","-13,385,673.13",,,,,,,,,,,,,,,,,,,,,,
2026-03-31,14,2026,TAS,DKK,,"211,890.69","317,522.71",,,,,,,,,,,,,,,,,,,,,,
2026-03-31,14,2026,TAS,EUR,,"5,005,447.66","56,051,002.90",,,,,,,,,,,,,,,,,,,,,,
2026-03-31,14,2026,TAS,NOK,,"234,635,802.65","234,635,802.65",,,,,,,,,,,,,,,,,,,,,,
2026-03-31,14,2026,TAS,SEK,,"-86,232,866.46","-88,541,687.02",,,,,,,,,,,,,,,,,,,,,,
2026-03-31,14,2026,TAS,USD,,"-1,148,793.89","-11,201,840.80",,,,,,,,,,,,,,,,,,,,,,
2026-03-31,14,2026,TDE,EUR,,"16,181,498.67","181,200,422.11",,,,,,,,,,,,,,,,,,,,,,
2026-03-31,14,2026,TDK,DKK,,0.00,0.00,,,,,,,,,,,,,,,,,,,,,,
2026-03-31,14,2026,TFI,EUR,,"189,924.15","2,126,770.63",,,,,,,,,,,,,,,,,,,,,,
2026-03-31,14,2026,TN,EUR,,"-620,277.67","-6,945,869.35",,,,,,,,,,,,,,,,,,,,,,
2026-03-31,14,2026,TN,NOK,,"21,324,217.09","21,324,217.09",,,,,,,,,,,,,,,,,,,,,,
2026-03-31,14,2026,TN,SEK,,"-18,101,663.55","-18,586,322.06",,,,,,,,,,,,,,,,,,,,,,
2026-03-31,14,2026,TN,USD,,"-80,487.13","-784,826.61",,,,,,,,,,,,,,,,,,,,,,
2026-03-31,14,2026,TNL,EUR,,"3,196,797.75","35,797,741.20",,,,,,,,,,,,,,,,,,,,,,
2026-04-07,15,2026,TAB,EUR,,"7,912,851.89","88,608,115.46",,,,,,,,,,,,,,,,,,,,,,
2026-04-07,15,2026,TAB,NOK,,-86.77,-86.77,,,,,,,,,,,,,,,,,,,,,,
2026-04-07,15,2026,TAB,SEK,,"-13,643,178.58","-14,008,461.04",,,,,,,,,,,,,,,,,,,,,,
2026-04-07,15,2026,TAB,USD,,"-1,376,445.42","-13,421,661.48",,,,,,,,,,,,,,,,,,,,,,
2026-04-07,15,2026,TAS,DKK,,"212,429.86","318,326.15",,,,,,,,,,,,,,,,,,,,,,
2026-04-07,15,2026,TAS,EUR,,"4,939,062.64","55,307,623.44",,,,,,,,,,,,,,,,,,,,,,
2026-04-07,15,2026,TAS,NOK,,"231,504,242.61","231,504,242.61",,,,,,,,,,,,,,,,,,,,,,
2026-04-07,15,2026,TAS,SEK,,"-87,079,123.38","-89,410,579.83",,,,,,,,,,,,,,,,,,,,,,
2026-04-07,15,2026,TAS,USD,,"-1,156,812.52","-11,280,030.30",,,,,,,,,,,,,,,,,,,,,,
2026-04-07,15,2026,TDE,EUR,,"13,461,372.77","150,740,452.28",,,,,,,,,,,,,,,,,,,,,,
2026-04-07,15,2026,TDK,DKK,,0.00,0.00,,,,,,,,,,,,,,,,,,,,,,
2026-04-07,15,2026,TFI,EUR,,"189,924.15","2,126,770.63",,,,,,,,,,,,,,,,,,,,,,
2026-04-07,15,2026,TN,EUR,,"-618,058.47","-6,921,018.75",,,,,,,,,,,,,,,,,,,,,,
2026-04-07,15,2026,TN,NOK,,"32,005,135.89","32,005,135.89",,,,,,,,,,,,,,,,,,,,,,
2026-04-07,15,2026,TN,SEK,,"-18,168,675.86","-18,655,123.99",,,,,,,,,,,,,,,,,,,,,,
2026-04-07,15,2026,TN,USD,,"-80,920.11","-789,048.59",,,,,,,,,,,,,,,,,,,,,,
2026-04-07,15,2026,TNL,EUR,,"2,966,481.79","33,218,663.08",,,,,,,,,,,,,,,,,,,,,,
2026-04-14,16,2026,TAB,EUR,,"8,127,046.70","90,193,964.28",,,,,,,,,,,,,,,,,,,,,,
2026-04-14,16,2026,TAB,NOK,,"-666,453.50","-666,453.50",,,,,,,,,,,,,,,,,,,,,,
2026-04-14,16,2026,TAB,SEK,,"-4,148,691.08","-4,227,155.12",,,,,,,,,,,,,,,,,,,,,,
2026-04-14,16,2026,TAB,USD,,"-1,376,445.42","-13,074,110.98",,,,,,,,,,,,,,,,,,,,,,
2026-04-14,16,2026,TAS,DKK,,"212,429.86","315,487.92",,,,,,,,,,,,,,,,,,,,,,
2026-04-14,16,2026,TAS,EUR,,"4,871,443.27","54,063,277.41",,,,,,,,,,,,,,,,,,,,,,
2026-04-14,16,2026,TAS,NOK,,"202,917,667.07","202,917,667.07",,,,,,,,,,,,,,,,,,,,,,
2026-04-14,16,2026,TAS,SEK,,"-86,505,702.73","-88,141,781.94",,,,,,,,,,,,,,,,,,,,,,
2026-04-14,16,2026,TAS,USD,,"-1,157,531.83","-10,994,769.13",,,,,,,,,,,,,,,,,,,,,,
2026-04-14,16,2026,TDE,EUR,,"13,512,774.93","149,964,776.17",,,,,,,,,,,,,,,,,,,,,,
2026-04-14,16,2026,TDK,DKK,,0.00,0.00,,,,,,,,,,,,,,,,,,,,,,
2026-04-14,16,2026,TFI,EUR,,"189,924.15","2,107,778.22",,,,,,,,,,,,,,,,,,,,,,
2026-04-14,16,2026,TN,EUR,,"-617,294.95","-6,850,739.36",,,,,,,,,,,,,,,,,,,,,,
2026-04-14,16,2026,TN,NOK,,"60,106,332.33","60,106,332.33",,,,,,,,,,,,,,,,,,,,,,
2026-04-14,16,2026,TN,SEK,,"-18,169,077.15","-18,512,708.25",,,,,,,,,,,,,,,,,,,,,,
2026-04-14,16,2026,TN,USD,,"-80,920.11","-768,616.38",,,,,,,,,,,,,,,,,,,,,,
2026-04-14,16,2026,TNL,EUR,,"2,603,584.56","28,894,581.45",,,,,,,,,,,,,,,,,,,,,,
2026-04-21,17,2026,TAB,EUR,,"8,217,760.30","90,185,810.41",,,,,,,,,,,,,,,,,,,,,,
2026-04-21,17,2026,TAB,NOK,,"-666,453.50","-666,453.50",,,,,,,,,,,,,,,,,,,,,,
2026-04-21,17,2026,TAB,SEK,,"2,559,419.20","2,608,380.56",,,,,,,,,,,,,,,,,,,,,,
2026-04-21,17,2026,TAB,USD,,"-1,376,445.42","-12,845,068.25",,,,,,,,,,,,,,,,,,,,,,
2026-04-21,17,2026,TAS,DKK,,"212,429.86","311,947.91",,,,,,,,,,,,,,,,,,,,,,
2026-04-21,17,2026,TAS,EUR,,"4,841,708.66","53,135,331.69",,,,,,,,,,,,,,,,,,,,,,
2026-04-21,17,2026,TAS,NOK,,"201,047,810.20","201,047,810.20",,,,,,,,,,,,,,,,,,,,,,
2026-04-21,17,2026,TAS,SEK,,"-86,561,585.67","-88,217,497.51",,,,,,,,,,,,,,,,,,,,,,
2026-04-21,17,2026,TAS,USD,,"-1,199,411.53","-11,192,977.75",,,,,,,,,,,,,,,,,,,,,,
2026-04-21,17,2026,TDE,EUR,,"10,440,796.44","114,582,520.53",,,,,,,,,,,,,,,,,,,,,,
2026-04-21,17,2026,TDK,DKK,,0.00,0.00,,,,,,,,,,,,,,,,,,,,,,
2026-04-21,17,2026,TFI,EUR,,"189,924.15","2,084,322.58",,,,,,,,,,,,,,,,,,,,,,
2026-04-21,17,2026,TN,EUR,,"-611,891.49","-6,715,203.16",,,,,,,,,,,,,,,,,,,,,,
2026-04-21,17,2026,TN,NOK,,"453,702,091.30","453,702,091.30",,,,,,,,,,,,,,,,,,,,,,
2026-04-21,17,2026,TN,SEK,,"-18,286,227.57","-18,636,040.72",,,,,,,,,,,,,,,,,,,,,,
2026-04-21,17,2026,TN,USD,,"-81,139.17","-757,195.43",,,,,,,,,,,,,,,,,,,,,,
2026-04-21,17,2026,TNL,EUR,,"2,114,661.13","23,207,348.57",,,,,,,,,,,,,,,,,,,,,,
2026-04-28,18,2026,TAB,EUR,,"8,532,401.60","92,858,126.61",,,,,,,,,,,,,,,,,,,,,,
2026-04-28,18,2026,TAB,NOK,,"-666,453.50","-666,453.50",,,,,,,,,,,,,,,,,,,,,,
2026-04-28,18,2026,TAB,SEK,,"3,343,087.90","3,372,371.10",,,,,,,,,,,,,,,,,,,,,,
2026-04-28,18,2026,TAB,USD,,"-1,379,065.42","-12,774,167.13",,,,,,,,,,,,,,,,,,,,,,
2026-04-28,18,2026,TAS,DKK,,"212,429.86","309,380.16",,,,,,,,,,,,,,,,,,,,,,
2026-04-28,18,2026,TAS,EUR,,"4,799,493.55","52,232,888.30",,,,,,,,,,,,,,,,,,,,,,
2026-04-28,18,2026,TAS,NOK,,"201,032,267.75","201,032,267.75",,,,,,,,,,,,,,,,,,,,,,
2026-04-28,18,2026,TAS,SEK,,"-86,583,815.67","-87,342,231.63",,,,,,,,,,,,,,,,,,,,,,
2026-04-28,18,2026,TAS,USD,,"-1,235,405.05","-11,443,453.20",,,,,,,,,,,,,,,,,,,,,,
2026-04-28,18,2026,TDE,EUR,,"19,965,467.37","217,284,181.39",,,,,,,,,,,,,,,,,,,,,,
2026-04-28,18,2026,TDK,DKK,,0.00,0.00,,,,,,,,,,,,,,,,,,,,,,
2026-04-28,18,2026,TFI,EUR,,"189,924.15","2,066,944.52",,,,,,,,,,,,,,,,,,,,,,
2026-04-28,18,2026,TN,EUR,,"-605,521.53","-6,589,890.81",,,,,,,,,,,,,,,,,,,,,,
2026-04-28,18,2026,TN,NOK,,"21,737,757.98","21,737,757.98",,,,,,,,,,,,,,,,,,,,,,
2026-04-28,18,2026,TN,SEK,,"-18,346,625.84","-18,507,329.94",,,,,,,,,,,,,,,,,,,,,,
2026-04-28,18,2026,TN,USD,,"-81,139.17","-751,585.32",,,,,,,,,,,,,,,,,,,,,,
2026-04-28,18,2026,TNL,EUR,,"1,611,685.42","17,539,972.43",,,,,,,,,,,,,,,,,,,,,,
2026-05-05,19,2026,TAB,EUR,,"8,516,863.41","92,220,597.00",,,,,,,,,,,,,,,,,,,,,,
2026-05-05,19,2026,TAB,NOK,,"-669,066.98","-669,066.98",,,,,,,,,,,,,,,,,,,,,,
2026-05-05,19,2026,TAB,SEK,,"194,951,556.32","194,825,607.00",,,,,,,,,,,,,,,,,,,,,,
2026-05-05,19,2026,TAB,USD,,"-1,382,673.14","-12,796,226.29",,,,,,,,,,,,,,,,,,,,,,
2026-05-05,19,2026,TAS,DKK,,"212,429.86","307,820.75",,,,,,,,,,,,,,,,,,,,,,
2026-05-05,19,2026,TAS,EUR,,"3,807,040.47","41,222,634.21",,,,,,,,,,,,,,,,,,,,,,
2026-05-05,19,2026,TAS,NOK,,"196,254,271.68","196,254,271.68",,,,,,,,,,,,,,,,,,,,,,
2026-05-05,19,2026,TAS,SEK,,"-88,207,556.36","-88,150,569.48",,,,,,,,,,,,,,,,,,,,,,
2026-05-05,19,2026,TAS,USD,,"-1,242,620.70","-11,500,082.85",,,,,,,,,,,,,,,,,,,,,,
2026-05-05,19,2026,TDE,EUR,,"14,405,132.82","155,978,778.17",,,,,,,,,,,,,,,,,,,,,,
2026-05-05,19,2026,TDK,DKK,,0.00,0.00,,,,,,,,,,,,,,,,,,,,,,
2026-05-05,19,2026,TFI,EUR,,"189,924.15","2,056,498.70",,,,,,,,,,,,,,,,,,,,,,
2026-05-05,19,2026,TN,EUR,,"-592,446.26","-6,415,008.10",,,,,,,,,,,,,,,,,,,,,,
2026-05-05,19,2026,TN,NOK,,"82,226,882.80","82,226,882.80",,,,,,,,,,,,,,,,,,,,,,
2026-05-05,19,2026,TN,SEK,,"-18,408,791.58","-18,396,898.50",,,,,,,,,,,,,,,,,,,,,,
2026-05-05,19,2026,TN,USD,,"-81,560.85","-754,821.27",,,,,,,,,,,,,,,,,,,,,,
2026-05-05,19,2026,TNL,EUR,,"1,974,657.08","21,381,586.86",,,,,,,,,,,,,,,,,,,,,,
2026-05-11,20,2026,TAB,EUR,,"8,075,372.05","87,439,044.22",,,,,,,,,,,,,,,,,,,,,,
2026-05-11,20,2026,TAB,NOK,,"-669,066.98","-669,066.98",,,,,,,,,,,,,,,,,,,,,,
2026-05-11,20,2026,TAB,SEK,,"14,639,519.13","14,573,566.26",,,,,,,,,,,,,,,,,,,,,,
2026-05-11,20,2026,TAB,USD,,"-1,382,673.14","-12,724,941.29",,,,,,,,,,,,,,,,,,,,,,
2026-05-11,20,2026,TAS,DKK,,"212,429.86","307,802.41",,,,,,,,,,,,,,,,,,,,,,
2026-05-11,20,2026,TAS,EUR,,"3,726,481.76","40,348,555.86",,,,,,,,,,,,,,,,,,,,,,
2026-05-11,20,2026,TAS,NOK,,"193,238,760.00","193,238,760.00",,,,,,,,,,,,,,,,,,,,,,
2026-05-11,20,2026,TAS,SEK,,"-88,381,299.79","-87,983,130.92",,,,,,,,,,,,,,,,,,,,,,
2026-05-11,20,2026,TAS,USD,,"-1,329,507.55","-12,235,650.66",,,,,,,,,,,,,,,,,,,,,,
2026-05-11,20,2026,TDE,EUR,,"12,198,502.00","132,089,420.41",,,,,,,,,,,,,,,,,,,,,,
2026-05-11,20,2026,TDK,DKK,,0.00,0.00,,,,,,,,,,,,,,,,,,,,,,
2026-05-11,20,2026,TFI,EUR,,"189,924.15","2,056,403.73",,,,,,,,,,,,,,,,,,,,,,
2026-05-11,20,2026,TN,EUR,,"-581,079.80","-6,291,641.53",,,,,,,,,,,,,,,,,,,,,,
2026-05-11,20,2026,TN,NOK,,"95,784,593.66","95,784,593.66",,,,,,,,,,,,,,,,,,,,,,
2026-05-11,20,2026,TN,SEK,,"-18,409,191.85","-18,326,256.13",,,,,,,,,,,,,,,,,,,,,,
2026-05-11,20,2026,TN,USD,,"-81,560.85","-750,616.32",,,,,,,,,,,,,,,,,,,,,,
2026-05-11,20,2026,TNL,EUR,,"1,730,974.78","18,742,679.13",,,,,,,,,,,,,,,,,,,,,,
2026-05-18,21,2026,TAB,EUR,,"8,210,325.28","88,653,745.95",,,,,,,,,,,,,,,,,,,,,,
2026-05-18,21,2026,TAB,NOK,,"-1,457,779.54","-1,457,779.54",,,,,,,,,,,,,,,,,,,,,,
2026-05-18,21,2026,TAB,SEK,,"13,267,841.39","13,090,880.28",,,,,,,,,,,,,,,,,,,,,,
2026-05-18,21,2026,TAB,USD,,"-1,382,673.14","-12,820,708.49",,,,,,,,,,,,,,,,,,,,,,
2026-05-18,21,2026,TAS,DKK,,"212,429.86","307,006.10",,,,,,,,,,,,,,,,,,,,,,
2026-05-18,21,2026,TAS,EUR,,"3,716,838.40","40,143,187.56",,,,,,,,,,,,,,,,,,,,,,
2026-05-18,21,2026,TAS,NOK,,"190,629,784.23","190,629,784.23",,,,,,,,,,,,,,,,,,,,,,
2026-05-18,21,2026,TAS,SEK,,"-88,760,244.49","-87,576,396.16",,,,,,,,,,,,,,,,,,,,,,
2026-05-18,21,2026,TAS,USD,,"-1,337,607.55","-12,402,841.98",,,,,,,,,,,,,,,,,,,,,,
2026-05-18,21,2026,TDE,EUR,,"10,854,025.06","117,153,692.66",,,,,,,,,,,,,,,,,,,,,,
2026-05-18,21,2026,TDK,DKK,,0.00,0.00,,,,,,,,,,,,,,,,,,,,,,
2026-05-18,21,2026,TFI,EUR,,"189,924.15","2,051,275.78",,,,,,,,,,,,,,,,,,,,,,
2026-05-18,21,2026,TN,EUR,,"-577,245.31","-6,234,537.97",,,,,,,,,,,,,,,,,,,,,,
2026-05-18,21,2026,TN,NOK,,"388,789,717.46","388,789,717.46",,,,,,,,,,,,,,,,,,,,,,
2026-05-18,21,2026,TN,SEK,,"-18,409,594.39","-18,164,054.65",,,,,,,,,,,,,,,,,,,,,,
2026-05-18,21,2026,TN,USD,,"-81,560.85","-756,265.42",,,,,,,,,,,,,,,,,,,,,,
2026-05-18,21,2026,TNL,EUR,,"809,057.39","8,734,171.29",,,,,,,,,,,,,,,,,,,,,,
2026-05-25,22,2026,TAB,EUR,,"8,260,781.14","88,935,569.75",,,,,,,,,,,,,,,,,,,,,,
2026-05-25,22,2026,TAB,NOK,,"-1,470,694.29","-1,470,694.29",,,,,,,,,,,,,,,,,,,,,,
2026-05-25,22,2026,TAB,SEK,,"10,588,610.67","10,558,697.96",,,,,,,,,,,,,,,,,,,,,,
2026-05-25,22,2026,TAB,USD,,"-1,435,123.14","-13,270,235.96",,,,,,,,,,,,,,,,,,,,,,
2026-05-25,22,2026,TAS,DKK,,"212,429.86","306,082.77",,,,,,,,,,,,,,,,,,,,,,
2026-05-25,22,2026,TAS,EUR,,"3,505,123.40","37,736,158.52",,,,,,,,,,,,,,,,,,,,,,
2026-05-25,22,2026,TAS,NOK,,"189,963,021.64","189,963,021.64",,,,,,,,,,,,,,,,,,,,,,
2026-05-25,22,2026,TAS,SEK,,"-88,760,244.49","-88,509,497.72",,,,,,,,,,,,,,,,,,,,,,
2026-05-25,22,2026,TAS,USD,,"-1,337,607.55","-12,368,532.92",,,,,,,,,,,,,,,,,,,,,,
2026-05-25,22,2026,TDE,EUR,,"14,542,963.76","156,569,547.84",,,,,,,,,,,,,,,,,,,,,,
2026-05-25,22,2026,TDK,DKK,,0.00,0.00,,,,,,,,,,,,,,,,,,,,,,
2026-05-25,22,2026,TFI,EUR,,"189,924.15","2,044,723.40",,,,,,,,,,,,,,,,,,,,,,
2026-05-25,22,2026,TN,EUR,,"-578,989.77","-6,233,403.86",,,,,,,,,,,,,,,,,,,,,,
2026-05-25,22,2026,TN,NOK,,"309,130,849.92","309,130,849.92",,,,,,,,,,,,,,,,,,,,,,
2026-05-25,22,2026,TN,SEK,,"-18,410,000.34","-18,357,992.28",,,,,,,,,,,,,,,,,,,,,,
2026-05-25,22,2026,TN,USD,,"-81,560.85","-754,173.42",,,,,,,,,,,,,,,,,,,,,,
2026-05-25,22,2026,TNL,EUR,,"703,774.66","7,576,837.99",,,,,,,,,,,,,,,,,,,,,,
2026-06-01,23,2026,TAB,EUR,,"8,257,652.02","89,098,737.82",,,,,,,,,,,,,,,,,,,,,,
2026-06-01,23,2026,TAB,NOK,,"-1,477,744.25","-1,477,744.25",,,,,,,,,,,,,,,,,,,,,,
2026-06-01,23,2026,TAB,SEK,,"145,027,187.70","145,020,466.63",,,,,,,,,,,,,,,,,,,,,,
2026-06-01,23,2026,TAB,USD,,"-1,438,860.45","-13,329,165.35",,,,,,,,,,,,,,,,,,,,,,
2026-06-01,23,2026,TAS,DKK,,"212,429.86","306,648.59",,,,,,,,,,,,,,,,,,,,,,
2026-06-01,23,2026,TAS,EUR,,"2,959,524.89","31,929,100.02",,,,,,,,,,,,,,,,,,,,,,
2026-06-01,23,2026,TAS,NOK,,"189,658,439.04","189,658,439.04",,,,,,,,,,,,,,,,,,,,,,
2026-06-01,23,2026,TAS,SEK,,"-89,141,397.84","-89,137,266.72",,,,,,,,,,,,,,,,,,,,,,
2026-06-01,23,2026,TAS,USD,,"-1,345,632.59","-12,465,530.82",,,,,,,,,,,,,,,,,,,,,,
2026-06-01,23,2026,TDE,EUR,,"11,959,421.11","129,062,239.65",,,,,,,,,,,,,,,,,,,,,,
2026-06-01,23,2026,TDK,DKK,,0.00,0.00,,,,,,,,,,,,,,,,,,,,,,
2026-06-01,23,2026,TFI,EUR,,"189,924.15","2,048,996.69",,,,,,,,,,,,,,,,,,,,,,
2026-06-01,23,2026,TN,EUR,,"-580,089.04","-6,258,290.61",,,,,,,,,,,,,,,,,,,,,,
2026-06-01,23,2026,TN,NOK,,"340,487,218.68","340,487,218.68",,,,,,,,,,,,,,,,,,,,,,
2026-06-01,23,2026,TN,SEK,,"-18,479,451.62","-18,478,595.22",,,,,,,,,,,,,,,,,,,,,,
2026-06-01,23,2026,TN,USD,,"-81,995.43","-759,580.71",,,,,,,,,,,,,,,,,,,,,,
2026-06-01,23,2026,TNL,EUR,,"1,007,766.08","10,874,333.65",,,,,,,,,,,,,,,,,,,,,,
2026-06-08,24,2026,TAB,EUR,,"8,366,698.29","91,405,347.96",,,,,,,,,,,,,,,,,,,,,,
2026-06-08,24,2026,TAB,NOK,,"-1,843,312.25","-1,843,312.25",,,,,,,,,,,,,,,,,,,,,,
2026-06-08,24,2026,TAB,SEK,,"16,835,597.54","16,898,289.86",,,,,,,,,,,,,,,,,,,,,,
2026-06-08,24,2026,TAB,USD,,"-1,491,310.45","-14,107,357.48",,,,,,,,,,,,,,,,,,,,,,
2026-06-08,24,2026,TAS,DKK,,"212,429.86","310,274.36",,,,,,,,,,,,,,,,,,,,,,
2026-06-08,24,2026,TAS,EUR,,"2,805,254.62","30,625,251.00",,,,,,,,,,,,,,,,,,,,,,
2026-06-08,24,2026,TAS,NOK,,"179,822,782.43","179,822,782.43",,,,,,,,,,,,,,,,,,,,,,
2026-06-08,24,2026,TAS,SEK,,"-88,966,330.12","-89,297,622.54",,,,,,,,,,,,,,,,,,,,,,
2026-06-08,24,2026,TAS,USD,,"-1,348,461.81","-12,756,051.43",,,,,,,,,,,,,,,,,,,,,,
2026-06-08,24,2026,TDE,EUR,,"11,176,827.37","122,253,505.98",,,,,,,,,,,,,,,,,,,,,,
2026-06-08,24,2026,TDK,DKK,,0.00,0.00,,,,,,,,,,,,,,,,,,,,,,
2026-06-08,24,2026,TFI,EUR,,"189,924.15","2,073,306.98",,,,,,,,,,,,,,,,,,,,,,
2026-06-08,24,2026,TN,EUR,,"-573,637.08","-6,262,109.18",,,,,,,,,,,,,,,,,,,,,,
2026-06-08,24,2026,TN,NOK,,"97,817,626.37","97,817,626.37",,,,,,,,,,,,,,,,,,,,,,
2026-06-08,24,2026,TN,SEK,,"-18,512,027.79","-18,580,962.80",,,,,,,,,,,,,,,,,,,,,,
2026-06-08,24,2026,TN,USD,,"-81,995.43","-775,652.61",,,,,,,,,,,,,,,,,,,,,,
2026-06-08,24,2026,TNL,EUR,,"1,001,196.68","10,942,587.96",,,,,,,,,,,,,,,,,,,,,,
2026-06-15,25,2026,TAB,EUR,,"8,426,706.14","93,176,199.59",,,,,,,,,,,,,,,,,,,,,,
2026-06-15,25,2026,TAB,NOK,,"-2,159,198.45","-2,159,198.45",,,,,,,,,,,,,,,,,,,,,,
2026-06-15,25,2026,TAB,SEK,,"13,676,684.02","13,874,978.68",,,,,,,,,,,,,,,,,,,,,,
2026-06-15,25,2026,TAB,USD,,"-1,491,310.45","-14,204,516.83",,,,,,,,,,,,,,,,,,,,,,
2026-06-15,25,2026,TAS,DKK,,"212,429.86","314,225.09",,,,,,,,,,,,,,,,,,,,,,
2026-06-15,25,2026,TAS,EUR,,"2,743,241.57","30,328,264.69",,,,,,,,,,,,,,,,,,,,,,
2026-06-15,25,2026,TAS,NOK,,"177,430,895.07","177,430,895.07",,,,,,,,,,,,,,,,,,,,,,
2026-06-15,25,2026,TAS,SEK,,"-89,470,187.24","-90,767,392.07",,,,,,,,,,,,,,,,,,,,,,
2026-06-15,25,2026,TAS,USD,,"-1,348,461.81","-12,843,904.14",,,,,,,,,,,,,,,,,,,,,,
2026-06-15,25,2026,TDE,EUR,,"9,685,557.65","107,129,382.60",,,,,,,,,,,,,,,,,,,,,,
2026-06-15,25,2026,TDK,DKK,,0.00,0.00,,,,,,,,,,,,,,,,,,,,,,
2026-06-15,25,2026,TFI,EUR,,"189,924.15","2,099,706.44",,,,,,,,,,,,,,,,,,,,,,
2026-06-15,25,2026,TN,EUR,,"-569,308.73","-6,293,992.66",,,,,,,,,,,,,,,,,,,,,,
2026-06-15,25,2026,TN,NOK,,"112,113,220.18","112,113,220.18",,,,,,,,,,,,,,,,,,,,,,
2026-06-15,25,2026,TN,SEK,,"-18,617,130.33","-18,887,055.23",,,,,,,,,,,,,,,,,,,,,,
2026-06-15,25,2026,TN,USD,,"-81,995.43","-780,994.64",,,,,,,,,,,,,,,,,,,,,,
2026-06-15,25,2026,TNL,EUR,,"1,059,482.25","11,715,840.95",,,,,,,,,,,,,,,,,,,,,,
2026-06-22,26,2026,TAB,EUR,,"8,321,999.86","92,166,924.26",,,,,,,,,,,,,,,,,,,,,,
2026-06-22,26,2026,TAB,NOK,,"-2,232,524.45","-2,232,524.45",,,,,,,,,,,,,,,,,,,,,,
2026-06-22,26,2026,TAB,SEK,,"14,084,578.25","14,181,907.58",,,,,,,,,,,,,,,,,,,,,,
2026-06-22,26,2026,TAB,USD,,"-1,493,570.45","-14,437,673.85",,,,,,,,,,,,,,,,,,,,,,
2026-06-22,26,2026,TAS,DKK,,"212,429.86","314,721.43",,,,,,,,,,,,,,,,,,,,,,
2026-06-22,26,2026,TAS,EUR,,"2,388,944.24","26,455,391.53",,,,,,,,,,,,,,,,,,,,,,
2026-06-22,26,2026,TAS,NOK,,"176,558,459.50","176,558,459.50",,,,,,,,,,,,,,,,,,,,,,
2026-06-22,26,2026,TAS,SEK,,"-90,757,106.18","-91,384,269.31",,,,,,,,,,,,,,,,,,,,,,
2026-06-22,26,2026,TAS,USD,,"-1,350,404.31","-13,053,751.16",,,,,,,,,,,,,,,,,,,,,,
2026-06-22,26,2026,TDE,EUR,,"16,293,465.62","180,465,103.28",,,,,,,,,,,,,,,,,,,,,,
2026-06-22,26,2026,TDK,DKK,,0.00,0.00,,,,,,,,,,,,,,,,,,,,,,
2026-06-22,26,2026,TFI,EUR,,"189,924.15","2,103,220.04",,,,,,,,,,,,,,,,,,,,,,
2026-06-22,26,2026,TN,EUR,,"-562,653.82","-6,230,828.40",,,,,,,,,,,,,,,,,,,,,,
2026-06-22,26,2026,TN,NOK,,"376,585,321.59","376,585,321.59",,,,,,,,,,,,,,,,,,,,,,
2026-06-22,26,2026,TN,SEK,,"-18,617,530.91","-18,746,184.52",,,,,,,,,,,,,,,,,,,,,,
2026-06-22,26,2026,TN,USD,,"-81,995.43","-792,612.95",,,,,,,,,,,,,,,,,,,,,,
2026-06-22,26,2026,TNL,EUR,,"1,284,678.32","14,228,215.64",,,,,,,,,,,,,,,,,,,,,,
2026-06-29,27,2026,TAB,EUR,,"8,986,541.53","101,938,608.14",,,,,,,,,,,,,,,,,,,,,,
2026-06-29,27,2026,TAB,NOK,,"-2,658,638.45","-2,658,638.45",,,,,,,,,,,,,,,,,,,,,,
2026-06-29,27,2026,TAB,SEK,,"139,763,257.28","142,826,665.17",,,,,,,,,,,,,,,,,,,,,,
2026-06-29,27,2026,TAB,USD,,"-1,493,570.45","-14,835,530.78",,,,,,,,,,,,,,,,,,,,,,
2026-06-29,27,2026,TAS,DKK,,"212,429.86","321,991.32",,,,,,,,,,,,,,,,,,,,,,
2026-06-29,27,2026,TAS,EUR,,"1,553,793.25","17,606,722.35",,,,,,,,,,,,,,,,,,,,,,
2026-06-29,27,2026,TAS,NOK,,"176,169,200.03","176,169,200.03",,,,,,,,,,,,,,,,,,,,,,
2026-06-29,27,2026,TAS,SEK,,"-90,969,263.18","-92,963,177.49",,,,,,,,,,,,,,,,,,,,,,
2026-06-29,27,2026,TAS,USD,,"-1,350,404.31","-13,413,471.53",,,,,,,,,,,,,,,,,,,,,,
2026-06-29,27,2026,TDE,EUR,,"12,042,230.13","136,864,241.26",,,,,,,,,,,,,,,,,,,,,,
2026-06-29,27,2026,TDK,DKK,,0.00,0.00,,,,,,,,,,,,,,,,,,,,,,
2026-06-29,27,2026,TFI,EUR,,"189,924.15","2,151,745.66",,,,,,,,,,,,,,,,,,,,,,
2026-06-29,27,2026,TN,EUR,,"-569,616.97","-6,453,475.46",,,,,,,,,,,,,,,,,,,,,,
2026-06-29,27,2026,TN,NOK,,"100,195,989.16","100,195,989.16",,,,,,,,,,,,,,,,,,,,,,
2026-06-29,27,2026,TN,SEK,,"-18,615,013.90","-19,023,028.01",,,,,,,,,,,,,,,,,,,,,,
2026-06-29,27,2026,TN,USD,,"-81,995.43","-814,454.87",,,,,,,,,,,,,,,,,,,,,,
2026-06-29,27,2026,TNL,EUR,,"787,682.80","8,947,326.14",,,,,,,,,,,,,,,,,,,,,,
2026-07-06,28,2026,TAB,EUR,,"9,061,937.80","101,754,691.87",,,,,,,,,,,,,,,,,,,,,,
2026-07-06,28,2026,TAB,NOK,,"-3,180,772.93","-3,180,772.93",,,,,,,,,,,,,,,,,,,,,,
2026-07-06,28,2026,TAB,SEK,,"16,081,770.51","16,401,507.94",,,,,,,,,,,,,,,,,,,,,,
2026-07-06,28,2026,TAB,USD,,"-1,497,455.25","-14,737,111.06",,,,,,,,,,,,,,,,,,,,,,
2026-07-06,28,2026,TAS,DKK,,"213,008.14","320,133.44",,,,,,,,,,,,,,,,,,,,,,
2026-07-06,28,2026,TAS,EUR,,"1,117,003.09","12,547,275.46",,,,,,,,,,,,,,,,,,,,,,
2026-07-06,28,2026,TAS,NOK,,"167,062,157.24","167,062,157.24",,,,,,,,,,,,,,,,,,,,,,
2026-07-06,28,2026,TAS,SEK,,"-91,620,626.87","-93,442,226.26",,,,,,,,,,,,,,,,,,,,,,
2026-07-06,28,2026,TAS,USD,,"-1,358,812.48","-13,372,667.02",,,,,,,,,,,,,,,,,,,,,,
2026-07-06,28,2026,TDE,EUR,,"10,139,791.79","113,749,025.97",,,,,,,,,,,,,,,,,,,,,,
2026-07-06,28,2026,TDK,DKK,,0.00,0.00,,,,,,,,,,,,,,,,,,,,,,
2026-07-06,28,2026,TFI,EUR,,"189,924.15","2,133,607.90",,,,,,,,,,,,,,,,,,,,,,
2026-07-06,28,2026,TN,EUR,,"-569,575.63","-6,398,612.63",,,,,,,,,,,,,,,,,,,,,,
2026-07-06,28,2026,TN,NOK,,"111,131,924.21","111,131,924.21",,,,,,,,,,,,,,,,,,,,,,
2026-07-06,28,2026,TN,SEK,,"-18,682,786.64","-19,054,237.41",,,,,,,,,,,,,,,,,,,,,,
2026-07-06,28,2026,TN,USD,,"-82,420.85","-811,139.58",,,,,,,,,,,,,,,,,,,,,,
2026-07-06,28,2026,TNL,EUR,,"798,241.92","8,958,725.67",,,,,,,,,,,,,,,,,,,,,,
2026-07-13,29,2026,TAB,EUR,,"9,124,760.73","101,791,010.46",,,,,,,,,,,,,,,,,,,,,,
2026-07-13,29,2026,TAB,NOK,,"-3,180,772.93","-3,180,772.93",,,,,,,,,,,,,,,,,,,,,,
2026-07-13,29,2026,TAB,SEK,,"16,633,195.32","16,833,059.14",,,,,,,,,,,,,,,,,,,,,,
2026-07-13,29,2026,TAB,USD,,"-1,497,455.25","-14,627,846.52",,,,,,,,,,,,,,,,,,,,,,
2026-07-13,29,2026,TAS,DKK,,"213,008.14","318,001.92",,,,,,,,,,,,,,,,,,,,,,
2026-07-13,29,2026,TAS,EUR,,"1,023,735.72","11,423,491.33",,,,,,,,,,,,,,,,,,,,,,
2026-07-13,29,2026,TAS,NOK,,"164,965,056.51","164,965,056.51",,,,,,,,,,,,,,,,,,,,,,
2026-07-13,29,2026,TAS,SEK,,"-91,759,277.92","-92,861,853.81",,,,,,,,,,,,,,,,,,,,,,
2026-07-13,29,2026,TAS,USD,,"-1,361,494.79","-13,299,720.86",,,,,,,,,,,,,,,,,,,,,,
2026-07-13,29,2026,TDE,EUR,,"8,890,740.42","99,090,312.72",,,,,,,,,,,,,,,,,,,,,,
2026-07-13,29,2026,TDK,DKK,,0.00,0.00,,,,,,,,,,,,,,,,,,,,,,
2026-07-13,29,2026,TFI,EUR,,"189,924.15","2,119,458.55",,,,,,,,,,,,,,,,,,,,,,
2026-07-13,29,2026,TN,EUR,,"-561,614.33","-6,267,335.12",,,,,,,,,,,,,,,,,,,,,,
2026-07-13,29,2026,TN,NOK,,"121,029,289.87","121,029,289.87",,,,,,,,,,,,,,,,,,,,,,
2026-07-13,29,2026,TN,SEK,,"-18,793,309.76","-19,019,129.43",,,,,,,,,,,,,,,,,,,,,,
2026-07-13,29,2026,TN,USD,,"-82,420.85","-805,125.59",,,,,,,,,,,,,,,,,,,,,,
2026-07-13,29,2026,TNL,EUR,,"843,793.50","9,409,508.46",,,,,,,,,,,,,,,,,,,,,,
2026-07-20,30,2026,TAB,EUR,,"9,182,110.54","101,330,893.69",,,,,,,,,,,,,,,,,,,,,,
2026-07-20,30,2026,TAB,NOK,,"-3,201,287.93","-3,201,287.93",,,,,,,,,,,,,,,,,,,,,,
2026-07-20,30,2026,TAB,SEK,,"11,479,054.94","11,475,937.04",,,,,,,,,,,,,,,,,,,,,,
2026-07-20,30,2026,TAB,USD,,"-1,497,455.25","-14,471,294.30",,,,,,,,,,,,,,,,,,,,,,
2026-07-20,30,2026,TAS,DKK,,"213,008.14","314,628.38",,,,,,,,,,,,,,,,,,,,,,
2026-07-20,30,2026,TAS,EUR,,"826,615.26","9,126,086.42",,,,,,,,,,,,,,,,,,,,,,
2026-07-20,30,2026,TAS,NOK,,"162,850,870.86","162,850,870.86",,,,,,,,,,,,,,,,,,,,,,
2026-07-20,30,2026,TAS,SEK,,"-91,936,361.92","-91,911,390.52",,,,,,,,,,,,,,,,,,,,,,
2026-07-20,30,2026,TAS,USD,,"-1,368,434.64","-13,224,448.88",,,,,,,,,,,,,,,,,,,,,,
2026-07-20,30,2026,TDE,EUR,,"6,687,097.81","73,640,359.02",,,,,,,,,,,,,,,,,,,,,,
2026-07-20,30,2026,TDK,DKK,,0.00,0.00,,,,,,,,,,,,,,,,,,,,,,
2026-07-20,30,2026,TFI,EUR,,"189,924.15","2,097,142.46",,,,,,,,,,,,,,,,,,,,,,
2026-07-20,30,2026,TN,EUR,,"-551,882.59","-6,093,887.56",,,,,,,,,,,,,,,,,,,,,,
2026-07-20,30,2026,TN,NOK,,"281,619,697.23","281,619,697.23",,,,,,,,,,,,,,,,,,,,,,
2026-07-20,30,2026,TN,SEK,,"-18,793,716.57","-18,788,611.89",,,,,,,,,,,,,,,,,,,,,,
2026-07-20,30,2026,TN,USD,,"-82,420.85","-796,508.86",,,,,,,,,,,,,,,,,,,,,,
2026-07-20,30,2026,TNL,EUR,,"1,139,196.85","12,568,275.84",,,,,,,,,,,,,,,,,,,,,,
2026-07-27,31,2026,TAB,EUR,,"9,240,737.22","101,476,511.15",,,,,,,,,,,,,,,,,,,,,,
2026-07-27,31,2026,TAB,NOK,,"-3,411,777.56","-3,411,777.56",,,,,,,,,,,,,,,,,,,,,,
2026-07-27,31,2026,TAB,SEK,,"16,210,985.65","16,122,918.36",,,,,,,,,,,,,,,,,,,,,,
2026-07-27,31,2026,TAB,USD,,"-1,497,455.25","-14,442,705.41",,,,,,,,,,,,,,,,,,,,,,
2026-07-27,31,2026,TAS,DKK,,"213,008.14","313,006.73",,,,,,,,,,,,,,,,,,,,,,
2026-07-27,31,2026,TAS,EUR,,"813,181.36","8,931,705.14",,,,,,,,,,,,,,,,,,,,,,
2026-07-27,31,2026,TAS,NOK,,"161,696,434.59","161,696,434.59",,,,,,,,,,,,,,,,,,,,,,
2026-07-27,31,2026,TAS,SEK,,"-91,942,661.92","-91,443,177.13",,,,,,,,,,,,,,,,,,,,,,
2026-07-27,31,2026,TAS,USD,,"-1,443,633.34","-13,923,602.09",,,,,,,,,,,,,,,,,,,,,,
2026-07-27,31,2026,TDE,EUR,,"11,227,194.66","123,227,944.74",,,,,,,,,,,,,,,,,,,,,,
2026-07-27,31,2026,TDK,DKK,,0.00,0.00,,,,,,,,,,,,,,,,,,,,,,
2026-07-27,31,2026,TFI,EUR,,"189,924.15","2,086,221.83",,,,,,,,,,,,,,,,,,,,,,
2026-07-27,31,2026,TN,EUR,,"-546,518.94","-6,003,237.30",,,,,,,,,,,,,,,,,,,,,,
2026-07-27,31,2026,TN,NOK,,"103,605,455.23","103,605,455.23",,,,,,,,,,,,,,,,,,,,,,
2026-07-27,31,2026,TN,SEK,,"-18,794,123.43","-18,692,023.07",,,,,,,,,,,,,,,,,,,,,,
2026-07-27,31,2026,TN,USD,,"-82,420.85","-794,935.31",,,,,,,,,,,,,,,,,,,,,,
2026-07-27,31,2026,TNL,EUR,,"2,557,178.27","28,084,068.66",,,,,,,,,,,,,,,,,,,,,,
2026-08-03,32,2026,TAB,EUR,,"9,204,192.30","101,191,453.82",,,,,,,,,,,,,,,,,,,,,,
2026-08-03,32,2026,TAB,NOK,,"-3,814,167.70","-3,814,167.70",,,,,,,,,,,,,,,,,,,,,,
2026-08-03,32,2026,TAB,SEK,,"31,933,810.84","31,968,696.88",,,,,,,,,,,,,,,,,,,,,,
2026-08-03,32,2026,TAB,USD,,"-1,501,476.34","-14,313,814.11",,,,,,,,,,,,,,,,,,,,,,
2026-08-03,32,2026,TAS,DKK,,"213,008.14","313,361.25",,,,,,,,,,,,,,,,,,,,,,
2026-08-03,32,2026,TAS,EUR,,"330,320.48","3,631,826.71",,,,,,,,,,,,,,,,,,,,,,
2026-08-03,32,2026,TAS,NOK,,"160,554,654.56","160,554,654.56",,,,,,,,,,,,,,,,,,,,,,
2026-08-03,32,2026,TAS,SEK,,"-93,401,520.31","-93,503,556.66",,,,,,,,,,,,,,,,,,,,,,
2026-08-03,32,2026,TAS,USD,,"-1,493,029.44","-14,233,288.46",,,,,,,,,,,,,,,,,,,,,,
2026-08-03,32,2026,TDE,EUR,,"7,930,743.08","87,133,521.28",,,,,,,,,,,,,,,,,,,,,,
2026-08-03,32,2026,TDK,DKK,,0.00,0.00,,,,,,,,,,,,,,,,,,,,,,
2026-08-03,32,2026,TFI,EUR,,"189,924.15","2,088,500.92",,,,,,,,,,,,,,,,,,,,,,
2026-08-03,32,2026,TN,EUR,,"-561,239.25","-6,171,667.41",,,,,,,,,,,,,,,,,,,,,,
2026-08-03,32,2026,TN,NOK,,"116,636,775.56","116,636,775.56",,,,,,,,,,,,,,,,,,,,,,
2026-08-03,32,2026,TN,SEK,,"-18,864,871.51","-18,885,480.41",,,,,,,,,,,,,,,,,,,,,,
2026-08-03,32,2026,TN,USD,,"-82,862.19","-789,938.51",,,,,,,,,,,,,,,,,,,,,,
2026-08-03,32,2026,TNL,EUR,,"1,064,742.14","11,704,277.81",,,,,,,,,,,,,,,,,,,,,,
2026-08-10,33,2026,TAB,EUR,,"9,384,874.63","103,074,605.85",,,,,,,,,,,,,,,,,,,,,,
2026-08-10,33,2026,TAB,NOK,,"-3,814,167.70","-3,814,167.70",,,,,,,,,,,,,,,,,,,,,,
2026-08-10,33,2026,TAB,SEK,,"23,806,730.12","23,851,236.80",,,,,,,,,,,,,,,,,,,,,,
2026-08-10,33,2026,TAB,USD,,"-1,501,476.34","-14,275,395.13",,,,,,,,,,,,,,,,,,,,,,
2026-08-10,33,2026,TAS,DKK,,"213,008.14","313,024.35",,,,,,,,,,,,,,,,,,,,,,
2026-08-10,33,2026,TAS,EUR,,"285,761.97","3,138,713.38",,,,,,,,,,,,,,,,,,,,,,
2026-08-10,33,2026,TAS,NOK,,"154,363,043.88","154,363,043.88",,,,,,,,,,,,,,,,,,,,,,
2026-08-10,33,2026,TAS,SEK,,"-94,543,386.31","-94,720,135.15",,,,,,,,,,,,,,,,,,,,,,
2026-08-10,33,2026,TAS,USD,,"-1,496,059.89","-14,223,897.84",,,,,,,,,,,,,,,,,,,,,,
2026-08-10,33,2026,TDE,EUR,,"7,418,520.08","81,405,221.60",,,,,,,,,,,,,,,,,,,,,,
2026-08-10,33,2026,TDK,DKK,,0.00,0.00,,,,,,,,,,,,,,,,,,,,,,
2026-08-10,33,2026,TFI,EUR,,"189,924.15","2,086,506.71",,,,,,,,,,,,,,,,,,,,,,
2026-08-10,33,2026,TN,EUR,,"-559,780.45","-6,149,748.02",,,,,,,,,,,,,,,,,,,,,,
2026-08-10,33,2026,TN,NOK,,"123,584,488.79","123,584,488.79",,,,,,,,,,,,,,,,,,,,,,
2026-08-10,33,2026,TN,SEK,,"-18,865,276.18","-18,900,544.81",,,,,,,,,,,,,,,,,,,,,,
2026-08-10,33,2026,TN,USD,,"-82,862.19","-787,818.28",,,,,,,,,,,,,,,,,,,,,,
2026-08-10,33,2026,TNL,EUR,,"1,498,451.20","16,456,865.95",,,,,,,,,,,,,,,,,,,,,,
2026-08-17,34,2026,TAB,EUR,,"9,323,577.78","101,787,641.53",,,,,,,,,,,,,,,,,,,,,,
2026-08-17,34,2026,TAB,NOK,,"-4,871,981.40","-4,871,981.40",,,,,,,,,,,,,,,,,,,,,,
2026-08-17,34,2026,TAB,SEK,,"23,520,072.32","23,354,377.78",,,,,,,,,,,,,,,,,,,,,,
2026-08-17,34,2026,TAB,USD,,"-1,501,476.34","-14,147,655.31",,,,,,,,,,,,,,,,,,,,,,
2026-08-17,34,2026,TAS,DKK,,"212,013.14","309,789.66",,,,,,,,,,,,,,,,,,,,,,
2026-08-17,34,2026,TAS,EUR,,"59,615.94","649,801.98",,,,,,,,,,,,,,,,,,,,,,
2026-08-17,34,2026,TAS,NOK,,"153,116,659.13","153,116,659.13",,,,,,,,,,,,,,,,,,,,,,
2026-08-17,34,2026,TAS,SEK,,"-94,580,276.31","-93,913,975.85",,,,,,,,,,,,,,,,,,,,,,
2026-08-17,34,2026,TAS,USD,,"-1,600,933.59","-15,084,790.88",,,,,,,,,,,,,,,,,,,,,,
2026-08-17,34,2026,TDE,EUR,,"5,615,438.28","61,139,975.05",,,,,,,,,,,,,,,,,,,,,,
2026-08-17,34,2026,TDK,DKK,,0.00,0.00,,,,,,,,,,,,,,,,,,,,,,
2026-08-17,34,2026,TFI,EUR,,"189,924.15","2,074,636.45",,,,,,,,,,,,,,,,,,,,,,
2026-08-17,34,2026,TN,EUR,,"-555,942.76","-6,072,840.74",,,,,,,,,,,,,,,,,,,,,,
2026-08-17,34,2026,TN,NOK,,"138,138,972.28","138,138,972.28",,,,,,,,,,,,,,,,,,,,,,
2026-08-17,34,2026,TN,SEK,,"-18,865,680.38","-18,732,775.17",,,,,,,,,,,,,,,,,,,,,,
2026-08-17,34,2026,TN,USD,,"-82,862.19","-780,768.68",,,,,,,,,,,,,,,,,,,,,,
2026-08-17,34,2026,TNL,EUR,,"1,502,026.49","16,396,554.33",,,,,,,,,,,,,,,,,,,,,,
2026-08-24,35,2026,TAB,EUR ,,"9,420,553.35","102,348,118.84",,,,,,,,,,,,,,,,,,,,,,
2026-08-24,35,2026,TAB,NOK ,,"-4,871,981.40","-4,871,981.40",,,,,,,,,,,,,,,,,,,,,,
2026-08-24,35,2026,TAB,SEK ,,"18,390,852.33","18,032,346.48",,,,,,,,,,,,,,,,,,,,,,
2026-08-24,35,2026,TAB,USD ,,"-1,501,476.34","-13,985,587.87",,,,,,,,,,,,,,,,,,,,,,
2026-08-24,35,2026,TAS,DKK ,,"212,013.14","308,120.55",,,,,,,,,,,,,,,,,,,,,,
2026-08-24,35,2026,TAS,EUR ,,"40,332.58","438,158.88",,,,,,,,,,,,,,,,,,,,,,
2026-08-24,35,2026,TAS,NOK ,,"152,865,995.10","152,865,995.10",,,,,,,,,,,,,,,,,,,,,,
2026-08-24,35,2026,TAS,SEK ,,"-94,813,652.31","-92,965,382.93",,,,,,,,,,,,,,,,,,,,,,
2026-08-24,35,2026,TAS,USD ,,"-1,601,003.75","-14,912,641.67",,,,,,,,,,,,,,,,,,,,,,
2026-08-24,35,2026,TDE,EUR ,,"9,530,359.95","103,537,525.68",,,,,,,,,,,,,,,,,,,,,,
2026-08-24,35,2026,TDK,DKK ,,0.00,0.00,,,,,,,,,,,,,,,,,,,,,,
2026-08-24,35,2026,TFI,EUR ,,"189,924.15","2,063,430.93",,,,,,,,,,,,,,,,,,,,,,
2026-08-24,35,2026,TN,EUR ,,"-531,994.59","-5,779,855.22",,,,,,,,,,,,,,,,,,,,,,
2026-08-24,35,2026,TN,NOK ,,"232,772,706.87","232,772,706.87",,,,,,,,,,,,,,,,,,,,,,
2026-08-24,35,2026,TN,SEK ,,"-18,866,087.05","-18,498,317.11",,,,,,,,,,,,,,,,,,,,,,
2026-08-24,35,2026,TN,USD ,,"-82,862.19","-771,824.64",,,,,,,,,,,,,,,,,,,,,,
2026-08-24,35,2026,TNL,EUR ,,"2,901,635.69","31,524,551.90",,,,,,,,,,,,,,,,,,,,,,
2026-08-31,36,2026,TAB,EUR ,,"9,637,274.51","104,377,387.04",,,,,,,,,,,,,,,,,,,,,,
2026-08-31,36,2026,TAB,NOK ,,"-6,958,999.64","-6,958,999.64",,,,,,,,,,,,,,,,,,,,,,
2026-08-31,36,2026,TAB,SEK ,,"91,296,495.86","89,012,029.09",,,,,,,,,,,,,,,,,,,,,,
2026-08-31,36,2026,TAB,USD ,,"-1,654,430.23","-15,454,284.45",,,,,,,,,,,,,,,,,,,,,,
2026-08-31,36,2026,TAS,DKK ,,"212,013.14","307,223.49",,,,,,,,,,,,,,,,,,,,,,
2026-08-31,36,2026,TAS,EUR ,,"-2,626,691.71","-28,452,650.50",,,,,,,,,,,,,,,,,,,,,,
2026-08-31,36,2026,TAS,NOK ,,"151,989,671.76","151,989,671.76",,,,,,,,,,,,,,,,,,,,,,
2026-08-31,36,2026,TAS,SEK ,,"-95,635,235.94","-93,242,203.03",,,,,,,,,,,,,,,,,,,,,,
2026-08-31,36,2026,TAS,USD ,,"-1,609,440.59","-15,034,029.38",,,,,,,,,,,,,,,,,,,,,,
2026-08-31,36,2026,TDE,EUR ,,"7,796,961.17","84,410,208.39",,,,,,,,,,,,,,,,,,,,,,
2026-08-31,36,2026,TDK,DKK ,,0.00,0.00,,,,,,,,,,,,,,,,,,,,,,
2026-08-31,36,2026,TFI,EUR ,,"189,924.15","2,057,258.39",,,,,,,,,,,,,,,,,,,,,,
2026-08-31,36,2026,TN,EUR ,,"-534,792.97","-5,792,877.45",,,,,,,,,,,,,,,,,,,,,,
2026-08-31,36,2026,TN,NOK ,,"132,790,281.93","132,790,281.93",,,,,,,,,,,,,,,,,,,,,,
2026-08-31,36,2026,TN,SEK ,,"-19,297,664.37","-18,814,788.52",,,,,,,,,,,,,,,,,,,,,,
2026-08-31,36,2026,TN,USD ,,"-83,307.39","-778,187.00",,,,,,,,,,,,,,,,,,,,,,
2026-08-31,36,2026,TNL,EUR ,,"1,598,813.41","17,315,837.98",,,,,,,,,,,,,,,,,,,,,,
2026-09-07,37,2026,TAB,EUR,,"9,676,470.14","104,225,672.35",,,,,,,,,,,,,,,,,,,,,,
2026-09-07,37,2026,TAB,NOK,,"-7,013,339.65","-7,013,339.65",,,,,,,,,,,,,,,,,,,,,,
2026-09-07,37,2026,TAB,SEK,,"32,503,633.73","31,373,781.56",,,,,,,,,,,,,,,,,,,,,,
2026-09-07,37,2026,TAB,USD,,"-2,034,578.31","-18,861,251.69",,,,,,,,,,,,,,,,,,,,,,
2026-09-07,37,2026,TAS,DKK,,"212,013.14","305,598.90",,,,,,,,,,,,,,,,,,,,,,
2026-09-07,37,2026,TAS,EUR,,"-4,046,385.04","-43,596,443.79",,,,,,,,,,,,,,,,,,,,,,
2026-09-07,37,2026,TAS,NOK,,"146,851,021.88","146,851,021.88",,,,,,,,,,,,,,,,,,,,,,
2026-09-07,37,2026,TAS,SEK,,"-95,646,194.14","-92,321,456.34",,,,,,,,,,,,,,,,,,,,,,
2026-09-07,37,2026,TAS,USD,,"-1,612,532.80","-14,948,742.37",,,,,,,,,,,,,,,,,,,,,,
2026-09-07,37,2026,TDE,EUR,,"5,761,631.35","61,977,796.16",,,,,,,,,,,,,,,,,,,,,,
2026-09-07,37,2026,TDK,DKK,,0.00,0.00,,,,,,,,,,,,,,,,,,,,,,
2026-09-07,37,2026,TFI,EUR,,"189,924.15","2,046,242.79",,,,,,,,,,,,,,,,,,,,,,
2026-09-07,37,2026,TN,EUR,,"-512,297.17","-5,519,489.71",,,,,,,,,,,,,,,,,,,,,,
2026-09-07,37,2026,TN,NOK,,"135,561,800.75","135,561,800.75",,,,,,,,,,,,,,,,,,,,,,
2026-09-07,37,2026,TN,SEK,,"-19,298,076.17","-18,627,259.69",,,,,,,,,,,,,,,,,,,,,,
2026-09-07,37,2026,TN,USD,,"-83,307.39","-772,288.61",,,,,,,,,,,,,,,,,,,,,,
2026-09-07,37,2026,TNL,EUR,,"729,727.42","7,856,786.56",,,,,,,,,,,,,,,,,,,,,,
2026-09-14,38,2026,TAB,EUR,,"9,639,311.41","103,783,008.66",,,,,,,,,,,,,,,,,,,,,,
2026-09-14,38,2026,TAB,NOK,,"-7,013,339.65","-7,013,339.65",,,,,,,,,,,,,,,,,,,,,,
2026-09-14,38,2026,TAB,SEK,,"20,247,786.03","19,325,229.34",,,,,,,,,,,,,,,,,,,,,,
2026-09-14,38,2026,TAB,USD,,"-2,138,936.55","-19,937,606.99",,,,,,,,,,,,,,,,,,,,,,
2026-09-14,38,2026,TAS,DKK,,"212,013.14","305,371.75",,,,,,,,,,,,,,,,,,,,,,
2026-09-14,38,2026,TAS,EUR,,"-4,655,774.84","-50,128,810.53",,,,,,,,,,,,,,,,,,,,,,
2026-09-14,38,2026,TAS,NOK,,"144,325,523.99","144,325,523.99",,,,,,,,,,,,,,,,,,,,,,
2026-09-14,38,2026,TAS,SEK,,"-95,749,820.14","-91,387,138.86",,,,,,,,,,,,,,,,,,,,,,
2026-09-14,38,2026,TAS,USD,,"-1,612,532.80","-15,030,855.04",,,,,,,,,,,,,,,,,,,,,,
2026-09-14,38,2026,TDE,EUR,,"4,666,331.80","50,230,564.49",,,,,,,,,,,,,,,,,,,,,,
2026-09-14,38,2026,TDK,DKK,,0.00,0.00,,,,,,,,,,,,,,,,,,,,,,
2026-09-14,38,2026,TFI,EUR,,"189,924.15","2,044,913.32",,,,,,,,,,,,,,,,,,,,,,
2026-09-14,38,2026,TN,EUR,,"-499,670.10","-5,379,947.97",,,,,,,,,,,,,,,,,,,,,,
2026-09-14,38,2026,TN,NOK,,"147,975,631.89","147,975,631.89",,,,,,,,,,,,,,,,,,,,,,
2026-09-14,38,2026,TN,SEK,,"-19,298,489.28","-18,419,185.72",,,,,,,,,,,,,,,,,,,,,,
2026-09-14,38,2026,TN,USD,,"-83,307.39","-776,530.75",,,,,,,,,,,,,,,,,,,,,,
2026-09-14,38,2026,TNL,EUR,,"795,878.02","8,568,584.11",,,,,,,,,,,,,,,,,,,,,,
2026-09-21,39,2026,TAB,EUR,,"10,119,458.17","109,386,283.09",,,,,,,,,,,,,,,,,,,,,,
2026-09-21,39,2026,TAB,NOK,,"-7,013,339.65","-7,013,339.65",,,,,,,,,,,,,,,,,,,,,,
2026-09-21,39,2026,TAB,SEK,,"13,706,837.46","13,121,734.01",,,,,,,,,,,,,,,,,,,,,,
2026-09-21,39,2026,TAB,USD,,"-2,138,936.55","-20,175,248.37",,,,,,,,,,,,,,,,,,,,,,
2026-09-21,39,2026,TAS,DKK,,"212,013.14","306,573.03",,,,,,,,,,,,,,,,,,,,,,
2026-09-21,39,2026,TAS,EUR,,"-5,324,662.60","-57,556,940.37",,,,,,,,,,,,,,,,,,,,,,
2026-09-21,39,2026,TAS,NOK,,"142,324,989.58","142,324,989.58",,,,,,,,,,,,,,,,,,,,,,
2026-09-21,39,2026,TAS,SEK,,"-95,827,324.14","-91,736,745.37",,,,,,,,,,,,,,,,,,,,,,
2026-09-21,39,2026,TAS,USD,,"-1,612,570.70","-15,210,369.09",,,,,,,,,,,,,,,,,,,,,,
2026-09-21,39,2026,TDE,EUR,,"12,070,131.89","130,472,090.66",,,,,,,,,,,,,,,,,,,,,,
2026-09-21,39,2026,TDK,DKK,,0.00,0.00,,,,,,,,,,,,,,,,,,,,,,
2026-09-21,39,2026,TFI,EUR,,"189,924.15","2,052,985.10",,,,,,,,,,,,,,,,,,,,,,
2026-09-21,39,2026,TN,EUR,,"-490,354.43","-5,300,486.21",,,,,,,,,,,,,,,,,,,,,,
2026-09-21,39,2026,TN,NOK,,"391,679,063.19","391,679,063.19",,,,,,,,,,,,,,,,,,,,,,
2026-09-21,39,2026,TN,SEK,,"-19,298,906.25","-18,475,094.28",,,,,,,,,,,,,,,,,,,,,,
2026-09-21,39,2026,TN,USD,,"-83,307.39","-785,786.42",,,,,,,,,,,,,,,,,,,,,,
2026-09-21,39,2026,TNL,EUR,,"949,247.49","10,260,890.74",,,,,,,,,,,,,,,,,,,,,,