https://docs.google.com/spreadsheets/d/1MeB16UUqgWOXf1tKqEnjVj7EOPhaJsv0N8D-dL68CX4/edit?gid=463780785#gid=463780785,,,,,,,,,,,
,,(kNOK),(kNOK),(kNOK),(kNOK),(kNOK),(kNOK),(kNOK),(kNOK),(kNOK),(kNOK)
,,,,,,,,,,,
,,,,,,,,,,exc. Restricted cash (neither bank or outside),
Period,Month,FC1,FC3,FC4,FC 1.5,BU26,BU27,FC 1.7,BUD27,Actual,WCFF
,,,,,,,,,,,
,,,,,,,,,,,
,,,,,,,,,,,
01/04/2025,4,"574,351",,,,,,,,,
01/05/2025,5,"466,577","515,578",,,,,,,,
01/06/2025,6,"470,825","443,585",,,,,,,,
01/07/2025,7,"403,355","362,160",,,,,,,,
01/08/2025,8,"355,398","317,137",,,,,,,,
01/09/2025,9,"345,880","306,391",,,,,,,,
01/10/2025,10,"348,984","281,946",,,,,,,,
01/11/2025,11,"423,156","377,553",,,,,,,,
01/12/2025,12,"529,493","526,096",,,,,,,,
01/01/2026,1,,"594,157","617,848",,"584,968",,,,"519,558",
01/02/2026,2,,"723,024","727,556",,"701,808",,,,"891,184",
01/03/2026,3,,"709,143","679,249",,"658,106",,,,"785,383",
01/04/2026,4,,"603,550","591,604",,"578,484",,,,"228,064",
01/05/2026,5,,"474,311","486,673",,"482,111",,,,"771,973",
01/06/2026,6,,"369,192","370,383",,"379,215",,,,"532,535",
01/07/2026,7,,,"226,440",,"247,629",,,,"362,819",
01/08/2026,8,,,"226,537",,"261,341",,,,"369,675",
01/09/2026,9,,,"166,448",,"211,892",,,"456,074","221,072",
01/10/2026,10,,,"151,728",,"196,874",,,"440,194",,"333,558"
01/11/2026,11,,,"279,320",,"323,359",,,"542,652",,"439,118"
01/12/2026,12,,,"207,871",,"445,251","703,671",,"681,906",,"655,227"
01/01/2027,1,,,,"497,653",,"812,736","784,100","803,917",,
01/02/2027,2,,,,"620,992",,"1,038,705","1,055,441","1,050,219",,
01/03/2027,3,,,,"575,196",,"1,012,288","949,352","1,023,639",,
01/04/2027,4,,,,"462,222",,"801,116","699,858","808,489",,
01/05/2027,5,,,,"360,489",,"655,999","488,807","666,232",,
01/06/2027,6,,,,"313,430",,"513,627","309,051","534,276",,
01/07/2027,7,,,,"223,768",,"430,055","203,677","466,220",,
01/08/2027,8,,,,"175,305",,"381,513","158,212","441,128",,
01/09/2027,9,,,,"161,076",,"374,404","177,392","458,586",,
01/10/2027,10,,,,"153,349",,"382,275","238,079","491,212",,
01/11/2027,11,,,,"307,392",,"494,872","463,582","630,532",,
01/12/2027,12,,,,"454,597",,"660,685","734,174","825,190",,
01/01/2028,1,,,,,,,,"1,023,639",,
01/02/2028,2,,,,,,,,"534,276",,
01/03/2028,3,,,,,,,,"458,586",,
01/04/2028,4,,,,,,,,"825,190",,
01/05/2028,5,,,,,,,,,,
01/06/2028,6,,,,,,,,,,
01/07/2028,7,,,,,,,,,,
01/08/2028,8,,,,,,,,,,
01/09/2028,9,,,,,,,,,,
01/10/2028,10,,,,,,,,,,
01/11/2028,11,,,,,,,,,,
01/12/2028,12,,,,,,,,,,
,,,,,,,,,,,
,,,,,,,,,,,
,,,,,,,,,,,
,,,,,,,,,,,
,,,,,,,,,,,
,,,,,,,,,,,
,,,,,,,,,,,
,,,,,,,,,,,
,,,,,,,,,,,
,,,,,,,,,,,
,,,,,,,,,,,
,,,,,,,,,,,
,,,,,,,,,,,
,,,,,,,,,,,
,,,,,,,,,,,
,,,,,,,,,,,
,,,,,,,,,,,
,,,,,,,,,,,
,,,,,,,,,,,
,,,,,,,,,,,
,,,,,,,,,,,
,,,,,,,,,,,
,,,,,,,,,,,
,https://docs.google.com/spreadsheets/d/1GMX5PY6k08UACMSaRubj3VHXCHBqwG59y4R6eEZtxrA/edit?gid=0#gid=0,,,,,,,,,,
,,,,,,,,,,,
,,Cash with overdraft facility,,,,,,,,,
,,2026-10-06,BUD 27,FC1.7,,,,,,,
,Sep-26,"456,074",,,,,,,,,
,Oct-26,"440,194",,,,,,,,,
,Nov-26,"542,652",,,,,,,,,
,Dec-26,"681,906","703,671",,,,,,,,
,Jan-27,"803,917","812,736","784,100",,,,,,,
,Feb-27,"1,050,219","1,038,705","1,055,441",,,,,,,
,Mar-27,"1,023,639","1,012,288","949,352",,,,,,,
,Apr-27,"808,489","801,116","699,858",,,,,,,
,May-27,"666,232","655,999","488,807",,,,,,,
,Jun-27,"534,276","513,627","309,051",,,,,,,
,Jul-27,"466,220","430,055","203,677",,,,,,,
,Aug-27,"441,128","381,513","158,212",,,,,,,
,Sep-27,"458,586","374,404","177,392",,,,,,,
,Oct-27,"491,212","382,275","238,079",,,,,,,
,Nov-27,"630,532","494,872","463,582",,,,,,,
,Dec-27,"825,190","660,685","734,174",,,,,,,
,,"1,023,639",,,,,,,,,
,,"534,276",,,,,,,,,
,,"458,586",,,,,,,,,
,,"825,190",,,,,,,,,
,,,,,,,,,,,
,,,,,,,,,,,
,,,,,,,,,,,
,,,,,,,,,,,
,,,,,,,,,,,
,,,,,,,,,,,
,,,,,,,,,,,
,,,,,,,,,,,
,,,,,,,,,,,
,,,,,,,,,,,
,,,,,,,,,,,
,,,,,,,,,,,
,,,,,,,,,,,
,,,,,,,,,,,
,,,,,,,,,,,
,,,,,,,,,,,
,,,,,,,,,,,
,,,,,,,,,,,
,,,,,,,,,,,
,,,,,,,,,,,
,,,,,,,,,,,
,,,,,,,,,,,
,,,,,,,,,,,
,,,,,,,,,,,
,,,,,,,,,,,
,,,,,,,,,,,
,,,,,,,,,,,
,,,,,,,,,,,
,,,,,,,,,,,
,,,,,,,,,,,
,,,,,,,,,,,
,,,,,,,,,,,
,,,,,,,,,,,
,,,,,,,,,,,
,,,,,,,,,,,
,,,,,,,,,,,
,,,,,,,,,,,
,,,,,,,,,,,
,,,,,,,,,,,
,,,,,,,,,,,
,,,,,,,,,,,
,,,,,,,,,,,
,,,,,,,,,,,
,,,,,,,,,,,
,,,,,,,,,,,
,,,,,,,,,,,
,,,,,,,,,,,
,,,,,,,,,,,
,,,,,,,,,,,
,,,,,,,,,,,
,,,,,,,,,,,
,,,,,,,,,,,
,,,,,,,,,,,
,,,,,,,,,,,
,,,,,,,,,,,
,,,,,,,,,,,
,,,,,,,,,,,
,,,,,,,,,,,
,,,,,,,,,,,
,,,,,,,,,,,
,,,,,,,,,,,
,,,,,,,,,,,
,,,,,,,,,,,
,,,,,,,,,,,
